decision,review_notes,id,split,source_line,task_category,flags,instruction,output
,,test-00004-8f687d0018eb,test,4,knowledge_qa,short_output|title_only_output|title_only_task_mismatch|unverified_research_claim,针对桃仁、艾叶在妇科病中的应用进行综述研究。,《桃仁与艾叶在妇科病中的现代应用与机理探讨》
,,test-00018-49dfec9ba222,test,18,knowledge_qa,,白术有什么功效？,白术具有健脾益气、燥湿利水、止汗安胎的功效。常用于治疗脾胃虚弱、食欲不振、腹泻、水肿、自汗、胎动不安等症状。
,,test-00046-c277744b98cc,test,46,knowledge_qa,medical_advice|medical_advice_without_safety_language|personal_medical_advice|personal_medical_advice_without_safety_language,我患有肝肾阴虚证，请推荐一个适合的中药方剂。,肝肾阴虚证可选用代表方六味地黄丸进行治疗。六味地黄丸以滋阴补肾为主，能够调和肝肾阴虚引起的一系列症状。
,,test-00056-277b92a19495,test,56,knowledge_qa,medical_advice|personal_medical_advice,我患有支气管哮喘，中医有什么好的方剂可以缓解症状吗？,支气管哮喘在中医理论中多与肺气虚弱、外邪侵袭有关。可以使用定喘汤或射干麻黄汤等方剂来缓解症状。这些方剂通常含有麻黄、杏仁、甘草等药材，能够宣肺平喘、化痰止咳。请在中医师指导下使用。
,,test-00079-c8371c179a33,test,79,knowledge_qa,short_output|title_only_output|title_only_task_mismatch|unverified_research_claim,关于沙参在中医中的应用的研究报告,《沙参与现代中医学治疗慢性呼吸系统疾病研究进展》
,,test-00088-7eab2f15e487,test,88,knowledge_qa,heading_only_output|heading_only_task_mismatch|short_output,生姜的药用价值和临床应用,生姜的现代药理学研究及临床应用探讨
,,test-00120-e49912d3fb03,test,120,knowledge_qa,short_output|title_only_output|title_only_task_mismatch|unverified_research_claim,探索针灸在治疗焦虑症中的有效性和机制的研究报告。,《针灸治疗焦虑症：效果与潜在神经生物学机制探究》
,,test-00124-694b885ace5e,test,124,title_generation,short_output|title_only_output|unverified_research_claim,请根据以下内容生成一个中医文献标题：本文主要探讨了中药在治疗慢性心力衰竭方面的疗效和作用机制。,《中药治疗慢性心力衰竭的疗效及作用机制研究》
,,test-00136-273ee658a422,test,136,knowledge_qa,,甘草如何作为中药材被用于现代医疗？,甘草是具有广泛用途的中药材之一，其主要功能为补脾益气、祛痰止咳等。在现代医学中，甘草用于缓解呼吸系统疾病，如哮喘和慢性支气管炎。它也常用来帮助调节电解质水平，并有抗病毒、抗菌的作用。此外，在治疗糖尿病时，甘草可以提高胰岛素敏感性并降低血糖，但需要在医生指导下使用，因其具有潜在的副作用及药物相互作用风险。
,,test-00145-6e9c53ad0aef,test,145,title_generation,latin_text_fragment|short_output|title_only_output|unverified_research_claim,请根据以下内容生成一个文献标题：本研究探讨了中药复方制剂在治疗慢性阻塞性肺疾病(COPD)中的疗效和安全性。,《中药复方制剂治疗慢性阻塞性肺疾病疗效与安全性研究》
,,test-00161-f30fb284e56a,test,161,long_form_generation,unverified_research_claim,请根据中医理论，写一篇关于证候的研究文献。,证候是中医诊断和治疗疾病的重要依据，是疾病过程中某一阶段的病理概括。本文通过查阅相关文献，对证候的内涵、分类、诊断方法及其在临床中的应用进行了综述，以期为中医证候研究提供参考。
,,test-00174-906dc1ea2fe9,test,174,knowledge_qa,vulnerable_population|vulnerable_population_without_safety_language,婴儿出现呕血与黑便，应如何处理？,对于婴儿的呕血及黑便现象，建议尽快寻求专业中医医师的帮助。在了解婴儿的具体状况后可能采用止血、养血或者补气健脾等方法来调理。一般会结合观察症状表现、分析病因（如消化道疾病等）进行对症治疗并给予合适的食疗或草药建议。
,,test-00192-9b14e502b6ac,test,192,knowledge_qa,latin_text_fragment,Back Pain Without Radiation Nos的治疗通常包括哪些？,针对无放射性背痛(Nos)的情况，中医常用的治疗方法主要包括推拿、针灸和中药敷贴等。同时也会根据患者的体质进行辨证施治，通过补肝肾、壮阳气或疏通经络的方式改善症状。需要具体根据患者个体情况灵活运用不同的治疗手段。
,,test-00201-4b080786d773,test,201,title_generation,short_output|title_only_output|unverified_research_claim|vulnerable_population|vulnerable_population_without_safety_language,请根据以下内容生成一个中医文献的标题：本文研究了轻粉在治疗小儿感冒中的应用。,《轻粉在小儿感冒治疗中的临床应用研究》
,,test-00208-f240ceaf5bf7,test,208,knowledge_qa,vulnerable_population|vulnerable_population_without_safety_language,小儿脾胃虚弱的常见症状及调理方法有哪些？,小儿脾胃虚弱常见症状包括不想吃饭、挑食、大便稀或干结等。调理方法有食疗如红枣、山楂等，以及中医推拿如补脾经等。
,,test-00213-16fb527326d4,test,213,extraction_classification,potentially_toxic_herb|short_output|toxic_herb_without_safety_language,请将以下中药按药性分类：人参、黄芪、当归、川芎、砂仁、半夏。,温性药：人参、黄芪、当归、川芎、砂仁；寒性药：半夏。
,,test-00229-6bbdda8181af,test,229,long_form_generation,,佩兰是一种中草药，有哪些功效？请给出摘要,佩兰又称薄荷、芳香草，为菊科植物佩兰的全株。中医认为佩兰有清热解毒、开胃消食、止呕除胀、行气活血、宣肺定喘等作用，适用于口渴、食欲不振、胸腹胀满、恶心呕吐、腹泻、痛经等症状。佩兰还可以用于治疗风寒感冒、喉痹、咳嗽、痰多、乳腺炎等症状，具有祛风解表、开窍散结的功效。此外，佩兰还有清热解毒、消肿止痒的作用，可以用于湿疹、痤疮、痔疮等皮肤病的治疗。
,,test-00235-77214aa9e7bc,test,235,knowledge_qa,medical_advice|medical_advice_without_safety_language|personal_medical_advice|personal_medical_advice_without_safety_language|serious_condition|serious_condition_without_safety_language|vulnerable_population|vulnerable_population_without_safety_language,一位老年人近期出现尿频、尿急症状，请推荐适宜的中医疗法。,这可能是因为肾虚或者膀胱功能失调所致。建议首先到正规中医机构进行详细检查，诊断后再对症下药。中医常用治法有补肾壮阳、调和膀胱气机，可参考如六味地黄丸、济生肾气丸等方剂作为治疗参考。但具体处方需结合个人体质及病情特点定制。
,,test-00249-afddb49bab90,test,249,knowledge_qa,malformed_instruction|serious_condition|serious_condition_without_safety_language,与相关联的症状可能是什么？以胰腺肿瘤为例。,与胰腺肿瘤相关的常见症状包括：腹痛（特别是中上腹疼痛）、体重减轻、食欲不振、黄疸、腹泻等非特异性的消化道问题以及乏力和疲劳感。不过，由于这些症状与其他疾病也有相似表现，因此明确诊断时应结合医学检查结果进行分析。
,,test-00253-b527fed13bc9,test,253,knowledge_qa,latin_text_fragment|serious_condition|serious_condition_without_safety_language|unverified_research_claim,如何在关于多花八角莲作为甲状腺癌治疗的未来潜力的研究论文中引用古文献来增强其说服力。,"""[《神农本草经》卷上]，对于'多花八角莲'（英文名：""Mediterranean Spurge""），有言""苦、甘、温、无毒。""此乃对中药描述的古典文献。 通过引用这一古老的药学文献，我们可以看出多花八角莲具有药性和副作用等详细的药理性质，增强关于它作为甲状腺癌治疗未来的潜力这一研究论点的说服力与学术依据，同时也显示出该草药在中国传统医学中的悠久历史和潜在价值。"
,,test-00276-0b54331f6b6f,test,276,knowledge_qa,medical_advice|medical_advice_without_safety_language,请推荐一种中医方剂，用于治疗气虚引起的气短、乏力。,治疗气虚引起的气短、乏力，中医通常会推荐使用补气养血的方剂。例如，可以使用‘四君子汤’加味。四君子汤是一种经典的补气方剂，主要由人参、白术、茯苓、炙甘草组成，能够健脾益气。根据具体症状，还可能加入黄芪、当归等药材以增强补气养血的效果。建议在中医师的指导下使用。
,,test-00289-5c3347dad11e,test,289,knowledge_qa,heading_only_output|heading_only_task_mismatch|short_output|unverified_research_claim,研究中国南北药膳对消化系统影响的不同,南北药膳差异及其对消化系统的影响：基于地域特色的深入探讨
,,test-00295-d7825a37fbce,test,295,knowledge_qa,medical_advice|medical_advice_without_safety_language,针对湿热壅阻证，有哪些常用的方剂可以推荐？,针对湿热壅阻证，可以推荐使用茵陈蒿汤、龙胆泻肝汤等方剂。这些方剂具有清热利湿、疏肝解郁的作用，适用于湿热壅阻证的治疗。
,,test-00315-e89ca41ea010,test,315,knowledge_qa,medical_advice|medical_advice_without_safety_language,请推荐一种中药方剂，用于治疗痰瘀互结证。,对于痰瘀互结证，可以考虑使用二陈汤合桃红四物汤。二陈汤具有燥湿化痰的作用，桃红四物汤具有活血化瘀的作用。合用可以同时调理痰瘀，但具体使用还需根据个人情况进行调整，建议在中医师的指导下使用。
,,test-00319-11cbd1579a87,test,319,knowledge_qa,medical_advice|personal_medical_advice,我有2型糖尿病，近期感到容易焦虑、情绪低落，是否有推荐的草本植物或中成药帮助缓解焦虑症状？,在中医理论中，对于伴有焦虑症状的糖尿病患者，可以考虑使用具有安神、调理脏腑功能的中药进行辅助治疗。例如，可以在医生指导下尝试服用黄芪、人参等补气养血的药物来稳定情绪；同时配合龙眼肉、合欢皮以舒缓心脾并安神定志。请注意，糖尿病患者的用药应综合考虑血糖控制和药物的相互影响，并在专业医师指导下进行。
,,test-00324-62c36dd9ab81,test,324,knowledge_qa,document_style_output|document_style_task_mismatch|unverified_research_claim,探讨蒿芩清胆汤在现代临床应用中的效果与副作用评估研究。,本文旨在评价蒿芩清胆汤在治疗消化系统疾病中的效果，并分析潜在的不良反应，结合传统医学理论和现代药理学研究数据进行全面评估。
,,test-00330-0cf468434fbf,test,330,knowledge_qa,medical_advice|serious_condition,脑出血的症状和治疗方法是怎样的？,脑出血的症状通常表现为突发的剧烈头痛、意识障碍（如嗜睡或昏迷）、恶心呕吐以及肢体偏瘫等。一旦发现这些症状应立即就医。治疗方面，包括急性期管理和恢复期康复。首先应通过降颅内压和控制高血压来稳定病情；如果患者生命体征稳定，则可转入恢复期进行药物辅助及物理治疗以促进神经功能恢复。整体来说，脑出血的治疗需遵循个体化原则并在专业指导下进行。
,,test-00333-a8876fd712bf,test,333,knowledge_qa,potentially_toxic_herb|toxic_herb_without_safety_language,‘制草乌’在中医中有何用途？,制草乌是中医药材，具有祛风除湿、散寒止痛的功效。它通常用于治疗风寒湿痹、关节疼痛、跌打损伤等症状。但需注意，草乌具有一定的毒性，使用时必须严格按照医嘱，不可过量或长期使用。
,,test-00344-5fcdaa2298da,test,344,long_form_generation,,请将以下关于麻黄的文献摘要进行概括：麻黄具有发汗解表、宣肺平喘、利水消肿的功效，可用于治疗感冒、咳嗽、哮喘等疾病。,麻黄具有发汗解表、宣肺平喘、利水消肿的功效，适用于感冒、咳嗽、哮喘等疾病的治疗。
,,test-00391-5ee2b5fae974,test,391,title_generation,short_output|title_only_output|unverified_research_claim,请根据以下内容生成一个中医文献标题：金银花、连翘在现代药理学研究中的应用。,《金银花与连翘在现代药理学研究中的应用及展望》
,,test-00395-4b956b69e920,test,395,long_form_generation,serious_condition|serious_condition_without_safety_language,编写一个有关肝癌早期症状和预防措施的问题。,肝癌初期的症状可能比较隐匿，常见的包括右上腹疼痛或不适、食欲减退、体重下降及疲劳等。你是否了解肝癌的典型早期迹象，并知道一些有效的健康生活方式可以降低其风险吗？我们邀请您分享对肝脏健康的理解和预防策略。
,,test-00414-bd807489ed4d,test,414,extraction_classification,,请将以下症状归类到相应的中医证候：眼干涩疲劳、口干咽燥、大便干结。,眼干涩疲劳、口干咽燥、大便干结这些症状，可以归类到中医的“阴虚证”。治疗时，应滋阴降火、生津润燥，可使用中药方剂如六味地黄丸、一贯煎等。
,,test-00430-a5b850eb2602,test,430,knowledge_qa,medical_advice|medical_advice_without_safety_language|personal_medical_advice|personal_medical_advice_without_safety_language,我最近经常感到心悸，失眠，腰膝酸软，可能是心阴虚证，请推荐一些中药方剂。,针对心阴虚证，可以考虑使用天王补心丹或者朱砂安神丸。这些方剂都有滋阴养心、安神定志的作用，适用于心悸、失眠、腰膝酸软等症状。请在中医师的指导下使用。
,,test-00465-8598c86b7ae9,test,465,knowledge_qa,document_style_output|document_style_task_mismatch|unverified_research_claim,本文探讨了基于遗传性共济失调背景下的中药疗法及其作用机制，结合现代科学分析方法对其疗效进行评估。,本文主要研究在遗传性共济失调背景下，通过传统中草药疗法对患者病情的影响，并利用现代化评价手段探索其疗效与具体机理。
,,test-00491-502f6dc916ba,test,491,knowledge_qa,medical_advice|medical_advice_without_safety_language,请推荐几种适合缓解肩周炎的中药。,适合缓解肩周炎的中药有：羌活、独活、秦艽、桑枝、海桐皮、威灵仙等。这些药物具有祛风除湿、活血化瘀、通络止痛的作用。
,,test-00492-acbfd00cf4f1,test,492,title_generation,short_output|title_only_output|vulnerable_population|vulnerable_population_without_safety_language,请根据以下内容生成一个中医文献标题：使君子、儿童、健脾胃。,《使君子在儿童健脾胃中的应用研究》
,,test-00500-d2846f6809e5,test,500,extraction_classification,very_short_output,请从以下中药中，抽取一种具有清热解毒功效的中药：连翘、甘草、丹参、川芎。,具有清热解毒功效的中药是连翘。
,,test-00509-5d5ecc868ef9,test,509,knowledge_qa,potentially_toxic_herb|toxic_herb_without_safety_language,请根据中医理论，解释半夏在治疗中的作用。,半夏，味辛、性温、有毒，归脾、胃、肺经。在中医理论中，半夏具有燥湿化痰、降逆止呕、消痞散结的功效。因此，半夏常用于治疗痰多咳嗽、恶心呕吐、胸腹胀满等症状。但因其有毒，使用时需严格控制剂量，并遵循医嘱。
,,test-00511-3e8693adb70d,test,511,knowledge_qa,short_output|title_only_output|title_only_task_mismatch|unverified_research_claim,金钱草的现代药理研究进展,《金钱草的现代药理作用及其临床应用前景》
,,test-00517-4cb56607eac0,test,517,long_form_generation,serious_condition|serious_condition_without_safety_language|unverified_research_claim,编写一篇关于中医学在癌症早期检测中的应用的研究性文章。,'中医药对癌细胞的早期识别及干预策略研究' —— 该文探讨了中医诊断技术与现代生物技术融合在早期癌症筛查、治疗和预后的创新应用，通过综合分析脉诊、望闻问切等传统诊断方法，结合现代分子生物学与免疫学知识，提供了一套多维度评估癌变风险的方案。
,,test-00519-6421b23e627a,test,519,knowledge_qa,medical_advice|medical_advice_without_safety_language|personal_medical_advice|personal_medical_advice_without_safety_language,我最近头晕耳鸣，有什么中药推荐吗？,头晕耳鸣可能是由于多种原因引起的，如肾虚、血虚或肝阳上亢等。中药中常用的有天麻、钩藤、枸杞子等，可以镇静安神、补血养肝。建议您咨询专业的中医师，根据具体的体质和病因来选择合适的中药。
,,test-00531-ac51657fc6ed,test,531,knowledge_qa,medical_advice|personal_medical_advice,我需要为患有宫外孕Ⅱ号病史的女性推荐一种中药方剂，以预防复发并提高受孕几率。,针对宫外孕Ⅱ号这类情况，中医常常使用具有活血化瘀、调理冲任、补肾调经的功能来预防和改善相关症状。例如，“宫外孕汤”（即四物汤加减）可用于补气血、通经脉；“桂枝茯苓丸”的方剂能助于温阳散寒，调经止痛等作用。此外，调整生活习惯、保持良好的情绪状态也相当重要。具体使用哪一方剂及其剂量，需根据患者具体情况和专业医生指导来进行。在预防宫外孕复发和提高受孕几率的综合治疗中，药物疗法应结合定期随访、生活方式调整以及心理辅导等多个方面共同作用。
,,test-00538-90c767e7ffe1,test,538,rewriting_editing,,请编辑以下关于鬼箭羽的描述，使其更加准确和详细。,鬼箭羽，又名鬼箭、天南星，是一种常见的中药材。它具有辛、温的性质，归肝、肺、胃经。鬼箭羽具有祛风除湿、解毒止痛的功效，常用于治疗风湿痹痛、跌打损伤、痈疽肿毒等症状。使用时需注意，鬼箭羽有毒，应严格掌握用量，避免过量使用。
,,test-00553-e46e30a75b55,test,553,knowledge_qa,heading_only_output|heading_only_task_mismatch|short_output|unverified_research_claim,关于党参对提高免疫力的影响的研究,党参对提高免疫力的影响及其作用机制研究
,,test-00572-62e9412ab1eb,test,572,knowledge_qa,serious_condition|serious_condition_without_safety_language,中医对呼吸窘迫综合征的理解和治疗方式是怎样的?,在中医中，呼吸窘迫通常被认为与肺功能失调、正气不足以及湿浊、痰饮阻塞相关联。主要的治疗方案可能涉及健脾、益肺、清热化湿和宣通呼吸道。具体的治疗方法包括草药调理（如使用炙甘草、人参等以补益肺气）、针灸（针刺中府、太渊等穴位以加强呼吸功能）和食疗，同时根据病情调整治疗方案。
,,test-00600-d7b238b05541,test,600,knowledge_qa,latin_text_fragment,蓝雀花是否是中药的一种？如果可以，请列举其功效和常见应用。,蓝雀花并不是通常提到的中医常用药材之一，可能您指的是金银花（学名：Jasminum officinale），它在中医学中有重要的地位。金银花有清热解毒、疏风解表的作用，常用于治疗痈肿疮毒、发热、头痛等症状，也可用来预防和治疗感冒、流感等上呼吸道感染性疾病。
,,test-00605-fda438589d45,test,605,rewriting_editing,short_output,请帮我修改以下句子以符合中医理论：'我最近总是感觉身体虚弱，需要吃点西药来补充能量。',我最近总是感觉气血虚弱，需要通过中药和食疗来调和气血。
,,test-00610-c4bc57f2d414,test,610,knowledge_qa,heading_only_output|heading_only_task_mismatch|unverified_research_claim|very_short_output,中医治疗冠心病的疗效研究,中医药治疗冠心病疗效研究综述
,,test-00668-4ca8e40eba51,test,668,knowledge_qa,short_output|title_only_output|title_only_task_mismatch|unverified_research_claim,冬虫夏草对免疫系统调节作用的研究进展,《冬虫夏草在免疫调节中的功效与应用前景》
,,test-00674-406c88dfa8bf,test,674,knowledge_qa,medical_advice|medical_advice_without_safety_language,甘松和黑芝麻在中医中有什么功效？如何使用它们来防蛀？,甘松具有行气止痛、开郁醒脾的功效；黑芝麻能滋补肝肾、益精血、润燥。防蛀方面，可以将甘松和黑芝麻作为食材，如将黑芝麻炒熟后磨粉，与甘松粉混合，用于日常饮食中，既能滋补身体，也有助于口腔健康，从而减少蛀牙的发生。
,,test-00682-592db9c98c30,test,682,title_generation,short_output|title_only_output|unverified_research_claim,请为我生成一个关于中医治疗色淡粘腻症状的研究文献标题。,《基于中医理论的色淡粘腻症状治疗策略研究》
,,test-00688-b3f908dbbf10,test,688,knowledge_qa,dosage_question|medical_advice|personal_medical_advice,我想了解黄连素颗粒一日推荐的服用次数及剂量？,黄连素是一种常用的中成药，用于治疗肠胃道炎症、消化不良等症状。一般成人每次服用0.1-0.2g，每日3次；儿童用药量应由医师根据年龄和体重决定。请在使用时参照说明书或咨询专业医生的建议以确保安全有效的剂量与用法。
,,test-00700-ca857778847e,test,700,knowledge_qa,serious_condition|serious_condition_without_safety_language|unverified_research_claim,请根据中医理论，结合现代研究，谈谈你对中药在治疗癌症方面的看法。,中药在治疗癌症方面有一定的潜力和应用价值。中医理论认为，癌症的发生与人体内外的多种因素有关，如情志不畅、饮食不节、环境污染等，导致气血不畅、痰瘀互结、毒邪内生等病理机制。中药治疗癌症的机制主要是通过调和气血、化瘀解毒、扶正固本等作用，改善患者的整体状况，增强机体免疫力，抑制肿瘤细胞的生长和扩散。现代研究也发现，许多中药具有抗肿瘤的活性成分，如黄芪、人参、丹参等，可以通过调节细胞周期、诱导肿瘤细胞凋亡、抑制肿瘤血管生成等多种途径发挥抗肿瘤作用。然而，中药治疗癌症仍需要进一步的临床研究和大样本的验证，以确定其安全性和有效性。
,,test-00713-5ea6ff8ce97c,test,713,knowledge_qa,medical_advice|medical_advice_without_safety_language|personal_medical_advice|personal_medical_advice_without_safety_language,我经常眼睛干涩、有异物感，中医有什么治疗方法吗？,根据您的症状，中医可能会考虑是肝肾阴虚或津液不足所致。治疗上，一方面可以通过滋肝养肾、补充津液的方法，如使用杞菊地黄丸等中药方剂；另一方面，可以通过针灸刺激睛明、太阳、风池等相关穴位，以改善眼部的血液循环和调节眼部功能。建议在专业中医师的指导下进行治疗。
,,test-00728-c66142a94aa3,test,728,title_generation,heading_only_output|short_output|unverified_research_claim,一篇探讨与过山风相关研究的文章的标题是什么？,“过山风（薄荷）在现代中药学中的作用与应用新进展”
,,test-00760-d42aafe974da,test,760,knowledge_qa,serious_condition|serious_condition_without_safety_language|title_only_output|title_only_task_mismatch|very_short_output,中药对肝癌治疗的效果,《中药对肝癌治疗的现状与展望》
,,test-00767-7de75a3b4642,test,767,knowledge_qa,title_only_output|title_only_task_mismatch|unverified_research_claim|very_short_output,关于五心烦热的研究,《五心烦热的中医治疗方法研究》
,,test-00788-ba66948b466d,test,788,rewriting_editing,,请根据中医理论，编辑一段关于夏季养生的文字。,夏季天气炎热，阳气旺盛，人们容易感到心烦气躁、口渴汗多。根据中医理论，夏季养生应以清热解毒、养阴生津为主。建议多吃一些具有清热解毒作用的食物，如绿豆、苦瓜、西瓜等。同时，保持心情愉快，避免过度劳累，适当进行户外活动，以增强机体的抵抗力。
,,test-00801-2861c9c8306c,test,801,knowledge_qa,document_style_output|document_style_task_mismatch|serious_condition|serious_condition_without_safety_language|unverified_research_claim,乳腺恶性肿瘤的中西医综合治疗策略研究,本文探讨了在现代医学与传统中医之间实现有效整合的方法，旨在提高乳腺癌患者的生存率和生活质量。文章详细分析了几种中西医联合疗法的优势和挑战，包括化疗辅助中药、放疗与针灸相结合等手段，并基于临床案例进行证据汇总评估这些策略的长期效果及安全性，为制定更为全面、个性化的治疗计划提供了重要依据。
,,test-00802-f8160e83ef66,test,802,rewriting_editing,,请根据中医理论，对以下句子进行编辑：升麻是一种常用的中药材，具有清热解毒、升阳举陷的功效。,升麻，性温味辛，归脾胃经，有升清阳、举陷、解毒之功，常用于治疗中气下陷、脏器下垂、热毒病疮等症。
,,test-00806-c9017816c769,test,806,long_form_generation,,请以“中医的智慧——从土茯苓看药物配伍”为题，撰写一篇短文。,中医的智慧——从土茯苓看药物配伍 土茯苓，味甘、淡，性平，归心、脾、肾经。在中医理论中，土茯苓具有渗湿利水、健脾安神的功效。在临床应用中，常常与其他药材配伍使用，以增强疗效。例如，与泽泻、白术配伍，可以增强利水渗湿的作用，治疗水肿、小便不利等症状；与酸枣仁、远志配伍，可以增强安神的作用，治疗心悸、失眠等症状。这体现了中医的智慧，通过药物配伍，发挥药物之间的协同作用，提高治疗效果。
,,test-00845-a70486c557cc,test,845,knowledge_qa,heading_only_output|heading_only_task_mismatch|serious_condition|serious_condition_without_safety_language|short_output|unverified_research_claim,探究新疆地区传统医学在肿瘤转移治疗中的应用与效果,新疆地区传统医学对肿瘤转移治疗策略及临床效果的综述研究
,,test-00846-ed2350b63613,test,846,knowledge_qa,medical_advice|medical_advice_without_safety_language,桑枝对什么病症有效，如何服用？,桑枝，在中医中常用于缓解关节疼痛和风寒湿痹所致的肢体麻木等症状，对于风湿病、类风湿性关节炎有良好的治疗作用。建议以泡茶或与其他药材共同煮汤饮用的方式进行食用，比如可将桑枝与其它祛湿活血、舒筋止痛的中药材如生姜、桂皮等一起熬煮，制成桑枝姜桂汤或类似方剂。但是具体用药剂量和方案还需咨询中医师。
,,test-00852-707a73c29d93,test,852,knowledge_qa,unsafe_absolute_claim,什么是中药?,中药是指中医学中的药物，包括各种植物、动物和矿物等，是中医诊疗中必不可少的药材。中药在中医理论中具有独特的药性和功效，可以起到治疗疾病、调节身体平衡的作用。中药一般采用天然的草本材料制成，具有温和、安全、无毒等特点。中医师根据患者的身体状况、病情和病史等因素，选用不同的中药材，制成适合患者的方剂，进行治疗和调理。
,,test-00856-0acdacae5bc3,test,856,knowledge_qa,medical_advice|medical_advice_without_safety_language,请推荐一种适合春季食用的中药食材，并说明其功效。,春季推荐食用枸杞子。枸杞子具有滋肾养肝、益精明目的功效，适合春季养生。可泡水喝、炖汤或直接食用。
,,test-00866-c13ce2f33b56,test,866,knowledge_qa,serious_condition,我有长期疲劳、睡眠不佳和食欲减退，这些是肿瘤的表现吗？,这些症状并不一定就是肿瘤的表现。但根据中医理论，可能是气虚、阴血不足或者脾胃功能虚弱等问题引起的。建议及时到医院进行全面的检查和专业的评估以确诊病因。
,,test-00879-bef6f5cf9f0d,test,879,extraction_classification,potentially_toxic_herb|short_output|toxic_herb_without_safety_language,请将以下中药按照药性分类：人参、附子、石膏、甘草。,人参、甘草属于补益药；附子属于温里药；石膏属于清热药。
,,test-00880-ec5eba8e8f86,test,880,knowledge_qa,serious_condition|serious_condition_without_safety_language,家族性甲状腺髓样癌如何与中医理论相联系？,家族性甲状腺髓样癌在中医上常被称为'瘿瘤'，认为可能与情志、饮食习惯以及先天禀赋有密切关系。按照中医理论，它可能由‘火’和‘痰’引起。'火'即指气郁化热、肝火上炎导致的体内湿热聚结，而'痰'则指气血运行不畅产生的一类病理产物，在某些情况下可表现为肿块形成。中医常使用药物、针灸、推拿、食疗等多种方式来缓解症状或调整体质状态，旨在平衡身体内环境，减轻甲状腺髓样癌带来的不适。
,,test-00886-9226f8ffb336,test,886,extraction_classification,,请将以下中药按功效分类：当归、川芎、桃仁、红花。,当归和川芎具有活血调经的功效，常用于治疗血瘀经闭等症；桃仁和红花则有破血行气的作用，适用于治疗血瘀气滞的病证。
,,test-00893-5a2555b7680c,test,893,title_generation,short_output|title_only_output|unverified_research_claim,请根据以下内容生成一个中医文献标题：本文主要研究了中医治疗肝脾亏虚型糖尿病的临床疗效。,《中医治疗肝脾亏虚型糖尿病临床疗效观察》
,,test-00895-fa7722aee736,test,895,knowledge_qa,short_output|title_only_output|title_only_task_mismatch|unverified_research_claim,研究中药对于减轻焦虑症状的作用及机制分析。,《中药在减缓焦虑症状中的临床应用与作用机制探讨》
,,test-00911-48a94c9c525d,test,911,knowledge_qa,serious_condition|serious_condition_without_safety_language|vulnerable_population|vulnerable_population_without_safety_language,儿童腮腺下巨细胞星形细胞瘤是一种少见的颅内肿瘤类型，在中医上是如何诊断并治疗的？,儿童腮腺下出现巨细胞星形细胞瘤通常是西医的专业领域，中医虽非主要手段，但可通过望闻问切判断是否有关联病症。根据其性质如寒、热、湿等，采用补气养血、清热解毒、活血化瘀的中药进行调理。治疗时可能需配合针灸、拔罐等方法，并调整患者的生活习惯以达到辅助治疗的效果。
,,test-00922-3cfe784a62ad,test,922,knowledge_qa,medical_advice|medical_advice_without_safety_language|personal_medical_advice|personal_medical_advice_without_safety_language,我经常感到腰膝酸软，怕冷，性欲下降，可以推荐一些适合的中药吗？,根据您描述的症状，可能是肾阳虚的表现。可以尝试使用一些温补肾阳的中药，如淫羊藿、巴戟天、肉苁蓉等。这些中药具有温阳补肾、强筋骨、增强性功能的作用。但在使用前，建议咨询专业的中医师，以便根据个人体质和症状进行适当的调配。
,,test-00928-0e87a969949a,test,928,title_generation,short_output|title_only_output|unverified_research_claim,请根据以下内容生成一个中医文献标题：探讨中药复方制剂在治疗糖尿病肾病中的临床疗效。,《中药复方制剂治疗糖尿病肾病的临床疗效观察》
,,test-00935-9cc4c2d7bb7c,test,935,knowledge_qa,heading_only_output|heading_only_task_mismatch|short_output|unverified_research_claim,探讨中药治疗缺血性坏死的研究中，如何提出有创新性的研究问题？,“中医药物干预对缺血性坏死的细胞保护作用及机制研究进展”
,,test-00947-29ecc5d90c5d,test,947,knowledge_qa,potentially_toxic_herb|short_output|toxic_herb_without_safety_language,川乌的性味和归经是什么？,川乌，性味辛、苦，温性，有毒。归经为心、脾、肾经。
,,test-00957-69bd3b8177c0,test,957,title_generation,heading_only_output|unverified_research_claim|very_short_output,请根据以下内容生成一个文献标题：本研究探讨了银柴胡对小鼠免疫调节的影响。,银柴胡对小鼠免疫调节作用的研究
,,test-00962-8496bb7e8507,test,962,knowledge_qa,document_style_output|document_style_task_mismatch,总结《从传统到现代：中药治疗淋巴细胞疾病的综述》一书的内容要点。,本文旨在全面梳理中医学在淋巴细胞疾病（如淋巴瘤、淋巴细胞性白血病等）的传统治疗方法和现代应用。首先，讨论了中医药的理论基础与实践方法，随后评述了现代科学研究如何从分子水平解析中药治疗机制，并引用案例分析了传统方剂在淋巴细胞疾病中的实际效果。本文特别关注于中医药与现代药物结合、中西医整合疗法的可能性及局限性。最终，提出了未来研究方向和对临床应用的建议，旨在为淋巴细胞疾病提供更全面、个性化的治疗方法。
,,test-00966-5185891bc483,test,966,rewriting_editing,,请帮我修改以下句子：肝火上扰是中医中的一种病证，主要表现为易怒、失眠、头晕、耳鸣等症状。肝火上扰的调理方法包括保持情绪稳定、适当休息、饮食清淡、避免辛辣刺激性食物等。,肝火上扰属于中医学中的病证之一，其主要症状包括易怒、失眠、头晕和耳鸣等。针对肝火上扰的调理，建议保持情绪稳定、保证充足的休息、维持饮食的清淡，并尽量避免食用辛辣和刺激性食物。
,,test-00972-ebce6bcad6d9,test,972,long_form_generation,title_only_output|title_only_task_mismatch|very_short_output,请撰写一个关于中医治疗疳热攻肺证的文献综述。,《疳热攻肺证的中医疗法综述》
,,test-00978-dade87499d4d,test,978,knowledge_qa,document_style_output|document_style_task_mismatch|serious_condition|serious_condition_without_safety_language,结合临床案例与文献总结分析京大戟在癌症化疗辅助治疗中的应用与效果评估,本文通过深入研究和收集相关文献，详细探讨了京大戟在癌症化学疗法中作为辅助治疗方法的使用情况及临床疗效。通过对多个患者群体的病例分析发现，适量的使用京大戟能有效缓解化疗过程中可能出现的副作用如胃肠道反应、血液系统抑制等，并可能提高患者的治疗耐受性。研究表明，在科学指导和监测下应用京大戟，对于提高癌症化疗效果具有积极的辅助作用，但仍需更多研究进一步证实其具体机制与最优用法。
,,test-01042-f3f9cd6e6f6f,test,1042,title_generation,document_style_output|serious_condition|serious_condition_without_safety_language|unverified_research_claim,题目：中药治疗肠癌的临床研究 研究背景、目标和方法概述，实验结果分析等。,本研究旨在评估中药在辅助治疗晚期结直肠癌中的实际效果。通过对100名患者进行为期六月的中西医联合治疗，比较了治疗后患者的生命质量评分与治疗前的数据差异。结果表明，在结合标准癌症药物和传统中药疗法之后，患者的生存率、疼痛等级和总体生活质量明显提高，并且未发现与之相关的严重不良反应或副作用。本研究提供了中药在晚期结直肠癌辅助治疗中的新证据。
,,test-01066-051607e1befd,test,1066,knowledge_qa,medical_advice|medical_advice_without_safety_language,我常常感觉口干舌燥且小便频繁，请给出可能的原因和可能的治疗方法。,口干舌燥伴有频繁的小便是中医中的“肾阴虚”症状之一，常伴随着头晕、腰膝酸软等表现。在病因上，可能是由于长期疲劳过度、饮食不当或年老体衰所引起的。治疗方面可以使用滋阴补肾的方剂如六味地黄丸或者知柏地黄丸，并通过食疗方法辅助调理，比如多食用一些具有滋养阴液的食物，如枸杞子、莲子等。同时要注意避免过于劳累，保持充足的休息，以及规律饮食和适量运动来改善体质。具体方案建议由专业中医师根据您的具体情况给出更精确的诊断及治疗策略。
,,test-01070-d4f9772cdb0f,test,1070,long_form_generation,,请撰写一段关于中医在防治现代生活方式病中的作用的文章。,中医在防治现代生活方式病中发挥着重要作用。随着生活节奏加快，人们面临的压力越来越大，亚健康状态和慢性病发病率逐渐上升。中医通过调整人体阴阳平衡，运用中药、针灸、推拿等治疗方法，可以有效改善现代人因不良生活方式引起的疾病，如失眠、疲劳、消化不良等。
,,test-01072-036581d1fcdf,test,1072,long_form_generation,,请撰写一篇关于虫积化疳证的中医疗法文献综述。,虫积化疳证是一种常见的儿童疾病，中医治疗此病多从调理脾胃、驱虫消疳入手。综述将包括病因病机、诊断要点、中药治疗及饮食调理等方面，结合古代医籍和现代临床研究，系统阐述中医治疗虫积化疳证的方法和效果。
,,test-01083-645ee8e5749f,test,1083,title_generation,document_style_output|medical_advice|medical_advice_without_safety_language|serious_condition|serious_condition_without_safety_language|unverified_research_claim,请为一篇介绍平滑肌肿瘤的文献写一个标题：《平滑肌肿瘤的研究进展与治疗方法》。,本文综述了近年来平滑肌肿瘤的最新研究成果及治疗策略，包括细胞分子机制、发病风险因素和预后等多方面的深入探讨，并对比分析了几种有效且新兴的治疗方法。
,,test-01099-0d4550a2b5b2,test,1099,knowledge_qa,potentially_toxic_herb|toxic_herb_without_safety_language,马钱子、洋金花和天葵子有什么关系？,马钱子和洋金花都属于中草药，具有一定的药用价值。天葵子是马钱子科植物天葵的种子，也是中药材之一。它们之间有着相似的化学成分和药理作用，常被用于治疗各种疾病，如肝胆疾病、消化系统疾病等。因此，在中医临床实践中，马钱子、洋金花和天葵子常常被用作一组药物使用。
,,test-01110-ce70a8be85d2,test,1110,knowledge_qa,medical_advice|medical_advice_without_safety_language|personal_medical_advice|personal_medical_advice_without_safety_language,我经常感到胸部不适，中医有什么好的方剂推荐吗？,胸部不适在中医可能被认为是气机郁滞，治疗上通常考虑疏肝理气、活血化瘀的方剂。例如，柴胡疏肝散、逍遥散等都是常用的方剂。不过，具体使用哪种方剂还需根据个人体质和具体症状，建议在中医师的指导下使用。
,,test-01135-251333e3b169,test,1135,extraction_classification,potentially_toxic_herb|short_output|toxic_herb_without_safety_language,将以下中药按照毒性分类：川乌、附子、砒霜、雄黄、朱砂、轻粉、细辛、人参、黄芪。,有毒：川乌、附子、砒霜、雄黄、朱砂、轻粉。无毒：细辛、人参、黄芪。
,,test-01139-ed2a99bd87ad,test,1139,title_generation,short_output|title_only_output|unverified_research_claim,请根据中医理论，为研究肝肾亏虚与情绪调节之间的关系生成一个文献标题。,《肝肾亏虚对情绪调节影响的中医理论研究》
,,test-01148-a50486692cd3,test,1148,title_generation,document_style_output|unverified_research_claim,请对以下文献标题进行摘要：'枳实消痞丸治疗寒湿气滞型痞满证的临床观察研究',该文献主要研究了枳实消痞丸在治疗寒湿气滞型痞满证方面的临床效果。痞满证是指胸腹部胀满不适的症状，寒湿气滞型是其常见证型之一。枳实消痞丸是一种中药方剂，具有温中行气、燥湿化痰的功效。通过临床观察研究，该文献旨在验证枳实消痞丸在治疗寒湿气滞型痞满证的有效性和安全性。
,,test-01158-60eb0cf4c4a3,test,1158,knowledge_qa,medical_advice|medical_advice_without_safety_language,请描述一下中医中足痿筋挛的症状及常见治疗方法。,足痿筋挛是指因风寒湿痹或气血不足等原因导致的腿部肌肉无力、筋脉拘挛的症状。常见治疗方法包括使用温经散寒、活血化瘀的中药，如桑寄生、牛膝等，同时配合按摩、针灸等外治法来活络筋骨，加强局部血液循环。
,,test-01161-b76614586015,test,1161,knowledge_qa,medical_advice|medical_advice_without_safety_language|potentially_toxic_herb|toxic_herb_without_safety_language,细辛在中医方剂中通常用于哪些症状？,细辛在中医方剂中通常用于风寒感冒、头痛、鼻塞、关节疼痛等症状，具有祛风散寒、通窍止痛的作用。常见的方剂有细辛散、细辛汤等。
,,test-01169-43ef82429d20,test,1169,knowledge_qa,heading_only_output|heading_only_task_mismatch|unverified_research_claim|very_short_output,缺铁性贫血的中医治疗研究,缺铁性贫血的中医治疗现状与进展
,,test-01177-5d13f19a06be,test,1177,knowledge_qa,latin_text_fragment,毛裂蜂斗菜的药用部位有哪些？,毛裂蜂斗菜通常指北苍术（Pycnantherum cuspidatum），其主要药用部分是干燥的地下茎，主要用于治疗脾胃虚弱、湿浊阻滞等症状。
,,test-01202-f05a49343198,test,1202,knowledge_qa,vulnerable_population,一位儿童被诊断出脂肪肉瘤，应如何进行中西医结合的综合治疗？,在面对儿童脂肪肉瘤这一情况时，采取综合治疗方案尤为重要，中医与西医药物联合应用可能较为理想。首先，应在专业医生指导下接受手术切除等现代医疗干预，以快速去除病灶，并及时评估术后恢复状态；随后可以辅助以中草药如生地、丹参等进行活血化瘀、消肿止痛的治疗，改善局部循环及微环境；此外，在饮食上宜采用易消化且营养全面的食物，如瘦肉、鱼类等。在整体调养期间应特别关注心理健康与生活作息，保证充足的休息和合理的活动量以促进身体健康恢复。
,,test-01212-46b120eeb933,test,1212,knowledge_qa,short_output|title_only_output|title_only_task_mismatch|unverified_research_claim,探讨下焦虚寒证的中药治疗及机理研究,《下焦虚寒证的中医治疗策略及药效机制研究》
,,test-01217-48d871fb85ef,test,1217,knowledge_qa,potentially_toxic_herb|toxic_herb_without_safety_language,关于桑枝与雷公藤，二者在中药中的用途有何不同？请提供具体的描述。,桑枝与雷公藤虽同为传统草药，在中医应用中有一定的相似性但又具有不同作用。桑枝多用于利水消肿、止血、强筋骨的功效，并能辅助治疗风湿病，尤其对于四肢关节痛，如肩周炎有一定的改善效果；而雷公藤主要以镇痛消炎著称，可用于类风湿性关节炎、骨关节炎等慢性炎症疾病。
,,test-01231-eb51c914674c,test,1231,long_form_generation,,请写一篇关于女贞子的文献，包括其性味归经、功效应用等内容。,女贞子，为中药材之一，性味甘、苦、凉，归肝、肾经。具有滋补肝肾、清热解毒、明目等功效。在中医临床上，女贞子常用于治疗肝肾阴虚所致的头晕、眼花、耳鸣等症状，也可用于清热解毒、消肿止痛等。
,,test-01233-b04f6b179893,test,1233,knowledge_qa,malformed_instruction|serious_condition|serious_condition_without_safety_language,与相关、影响癌症的原因有哪些？,影响癌症发展的因素多种多样，其中遗传、生活习惯、环境污染以及心理状态是常见的几个方面。中医理论认为，情志失和、饮食不当、外邪入侵及身体气滞血瘀都可引起癌病的发生与发展。因此，改善生活习惯（如戒烟限酒），保持良好心态，注重饮食均衡，同时对环境中的潜在致癌物质进行避免，可以在一定程度上降低患病风险。
,,test-01243-22b0a8a52095,test,1243,knowledge_qa,medical_advice|medical_advice_without_safety_language|short_output,针对肺经热盛导致的咳嗽，推荐哪种方剂？,针对肺经热盛导致的咳嗽，可以推荐使用清肺汤或桑杏汤。
,,test-01247-d9135fdb797c,test,1247,knowledge_qa,medical_advice|medical_advice_without_safety_language|unverified_research_claim,中药方剂的研究进展,中药方剂是中医学的重要组成部分，其疗效被广泛认可。近年来，随着科技的发展，越来越多的研究对中药方剂进行了深入研究。研究表明，中药方剂具有多种药理作用，包括调节免疫、抑制炎症、促进细胞再生等。同时，中药方剂的制备技术也在不断创新和改进，使其更加安全、高效、易吸收。此外，中药方剂还可以与其他治疗方法相结合，提高治疗效果。未来，随着中医药的发展和推广，中药方剂将更加广泛地应用于临床实践，为人类健康做出更大的贡献。
,,test-01261-c2264342296d,test,1261,title_generation,medical_advice|medical_advice_without_safety_language|short_output|title_only_output|unverified_research_claim,请根据以下内容生成一个中医文献标题：本篇文章主要探讨了黄仁绽出在中医理论中的病因病机、临床表现、诊断和治疗方法。,《黄仁绽出病因病机、临床表现、诊断与治疗的探讨》
,,test-01264-1b69a3885ce6,test,1264,title_generation,potentially_toxic_herb|short_output|title_only_output|toxic_herb_without_safety_language,想了解关于半夏在临床中的应用，能否提供一个相关的文献标题？,《半夏在现代中医临床中的应用与药理研究》
,,test-01265-11612da900da,test,1265,title_generation,short_output|title_only_output|unverified_research_claim,请根据以下内容生成一个中医文献的标题：'探讨北豆根在治疗寒滞肝脉证中的作用及机制研究',《北豆根对寒滞肝脉证治疗作用及其作用机制的研究》
,,test-01271-98d8fc50907b,test,1271,knowledge_qa,serious_condition|serious_condition_without_safety_language|unverified_research_claim,探讨牡荆叶在中风治疗中的应用及现代研究进展。,'牡荆叶与中风：传统智慧与现代科学的交融'——牡荆叶作为中国传统草药，其对中风症状的潜在益处和现代科学研究趋势的研究概述。
,,test-01300-5a70fb070949,test,1300,long_form_generation,,请根据湿热证候，编写一段中医科普文章。,湿热证候是中医中常见的证候之一，主要表现为身体重、疲乏无力、食欲不振、胸闷、口苦等症状。在治疗上，中医通常会采用清热利湿的方法，例如使用茯苓、泽泻、薏苡仁等中药。同时，患者也需要注意饮食调理，避免食用辛辣、油腻等食物。
,,test-01302-24824c0e3c99,test,1302,knowledge_qa,personal_medical_advice|personal_medical_advice_without_safety_language|vulnerable_population|vulnerable_population_without_safety_language,孕妇慎用哪些中药？槐花和桑枝可以用于孕妇吗？,孕妇在使用中药时需要格外小心，因为某些药物可能对胎儿有不良影响。槐花性凉，用于清热解毒，桑枝性平，常用于祛风湿，一般来说，这两种药材在适量和正确配伍下，可用于孕妇，但最好在中医师的指导下使用。
,,test-01315-5423aac38cb0,test,1315,extraction_classification,very_short_output,请将下列症状归类到对应的中医证候：畏寒、四肢不温、面色苍白、舌淡胖大、脉沉迟。,这些症状属于中医的“阳虚证”。
,,test-01325-0bc74d1c4e90,test,1325,knowledge_qa,,感冒发热有什么中成药可以治疗？,对于感冒发热，可以考虑使用清热解毒的中成药进行治疗，如银翘散、连花清瘟口服液等。这些药物具有清热解毒、祛风发汗的功效，能够缓解症状，促进康复。但是需要注意的是，不同人群的身体状况和病情不同，需要在医生的指导下选用合适的中成药，并按照剂量使用。
,,test-01348-795c2199e6bf,test,1348,knowledge_qa,medical_advice|medical_advice_without_safety_language|serious_condition|serious_condition_without_safety_language,请分析一下太阳中风证在中医理论中的含义及其治疗方法。,太阳中风证，在中医理论中指的是因感受风邪而引起的一种证候，表现为发热、恶风、头痛、身痛、有汗、口不渴等。治疗上，中医采取解表散寒、调和营卫的方法，代表方剂如桂枝汤。同时，患者应保持休息，避免直接吹风，适当饮食调理，以促进恢复。
,,test-01369-4b67546b7e74,test,1369,extraction_classification,potentially_toxic_herb|toxic_herb_without_safety_language,请抽取与白附子相关的知识点。,白附子，中药材名，为天南星科植物独角莲的干燥块茎。具有燥湿化痰、祛风止痉、止痛、解毒之功效。常用于治疗中风痰壅、口眼歪斜、破伤风等症状。
,,test-01380-97e9d15ce0d1,test,1380,knowledge_qa,personal_medical_advice|personal_medical_advice_without_safety_language,我最近总是失眠多梦，有什么方法可以改善？,失眠多梦可能是由于心肾不交、心火亢盛等原因引起的。在中医理论中，可以通过滋阴降火、养心安神的方法来改善症状。建议您保持良好的作息习惯，避免过度紧张和焦虑。同时，可以尝试使用天王补心丹、酸枣仁汤等方剂。当然，最好是咨询专业的中医师进行诊断和治疗。
,,test-01382-584b914eb9f4,test,1382,knowledge_qa,vulnerable_population|vulnerable_population_without_safety_language,孕妇孕期有呕吐，什么中药能缓解不适？,孕妇孕期出现恶心、呕吐情况，可以考虑使用和胃止呕、养阴清热的药方。比如用砂仁、陈皮等健脾和胃、止呕止吐的药材进行煎煮服用。
,,test-01391-e59cfd71d088,test,1391,knowledge_qa,personal_medical_advice|personal_medical_advice_without_safety_language,我最近开始感觉视力模糊和眼干，有没有中药能帮助改善？,眼睛问题的治疗方法需要具体分析，但可考虑采用具有滋阴、明目功效的草药进行调理，例如石斛、枸杞子和菊花。建议在专业中医师的指导下服用，可能还会结合穴位按摩或眼部保养习惯调整，同时保证充足的睡眠与水分摄入。
,,test-01395-5ec19c8d7e18,test,1395,title_generation,short_output|title_only_output|unverified_research_claim,请根据以下内容生成一个文献标题：本文研究了决明子的化学成分和药理作用。,《决明子的化学成分与药理作用研究》
,,test-01399-1446be9d5437,test,1399,knowledge_qa,vulnerable_population|vulnerable_population_without_safety_language,对于有呼吸系统疾病的老年人如何用中药材调养？,对于患有呼吸系统疾病的老年人，建议选择温和滋补、益肺气的中药进行调理。例如使用太子参、麦冬、黄芪、百合等药材搭配煎熬成汤剂饮用；通过食疗加入润喉滋阴食材如冰糖、罗汉果或雪梨等共同炖煮食用，可以增强体质、提高免疫力。在选择和用药时应考虑到个人体质差异和病情复杂性，请咨询专业中医师。
,,train-00012-8fbc88086ca0,train,12,extraction_classification,latin_text_fragment,请将以下症状进行分类：腹泻、Pulse Weakness、性欲减退。,腹泻属于消化系统症状，Pulse Weakness属于脉象特征，性欲减退属于生殖系统症状。
,,train-00034-070c4e755180,train,34,knowledge_qa,potentially_toxic_herb|short_output|title_only_output|title_only_task_mismatch|toxic_herb_without_safety_language|unverified_research_claim,请根据中医理论，结合现代医学，探讨半夏在治疗妇人阴冷阴虚阳浮证中的作用。,《半夏在妇人阴冷阴虚阳浮证治疗中的应用及作用机制研究》
,,train-00038-088f28c23399,train,38,knowledge_qa,medical_advice|medical_advice_without_safety_language|personal_medical_advice|personal_medical_advice_without_safety_language,我最近经常感到疲劳，没有精神，有时还会头晕。请推荐一个适合的中药方剂。,根据您描述的症状，可能是气血两虚所致。建议尝试使用八珍汤这个经典的补益气血的方剂。八珍汤由四君子汤和四物汤组成，主要成分包括人参、白术、茯苓、甘草、当归、川芎、白芍和熟地黄。请在专业中医师的指导下使用，以便根据您的具体情况进行调整。
,,train-00046-bad116ce3153,train,46,knowledge_qa,vulnerable_population,一个儿童出现了频繁下肢痉挛的情况，请从中医角度给予初步分析和可能原因,在中医中，下肢痉挛通常被视为肝阳上亢、阴血不足的表现。可结合舌象和脉象特征综合分析。可能的原因为热盛伤阴、外感寒湿、肾精亏损或风痰内扰等。建议进一步检查并根据患者具体情况辨证施治。
,,train-00089-8ec3963b3df1,train,89,knowledge_qa,malformed_instruction|serious_condition|serious_condition_without_safety_language,淋巴结次级恶性肿瘤的原因与哪些中医实体相关？,淋巴结次级恶性肿瘤在中医学上常被认为是由于湿毒、热邪、痰瘀互结等因素所致。这类疾病多见于患者的体质虚弱，或者长期处于湿气重的环境中，加上不良的生活习惯或饮食习惯所引起的内生之病。同时与气滞血瘀、毒热内盛以及体内的阳气不足、气血不畅等中医辨证也有关联。
,,train-00090-12e0ba4b374f,train,90,knowledge_qa,personal_medical_advice|personal_medical_advice_without_safety_language,我患有肝肺火旺的症状，有什么中药可以治疗？,中医认为，肝肺火旺是由于情绪不畅、饮食不节等因素导致的。对于肝肺火旺的治疗，建议您可以服用一些具有清热解毒、泻火平肝作用的中药材，如黄连、栀子、柴胡等，以及一些具有滋阴降火、润燥化痰作用的中药材，如麦冬、枸杞子、银花等。此外，还需要注意饮食调理和情绪调节，避免过度疲劳和情绪波动。但是，具体的中药使用需要在医生或药师的指导下进行。
,,train-00098-0331917ecb12,train,98,long_form_generation,document_style_output|serious_condition|serious_condition_without_safety_language|unverified_research_claim,请为《中医治疗食道恶性肿瘤的现代研究综述》一文撰写一个摘要。,本文回顾了近几十年来中医在治疗食道恶性肿瘤中的应用和发展情况。文章从辨证论治、经典方剂的应用、中草药和针灸的治疗效果等角度进行了详细的分析。通过文献梳理，证明了中医药与西医疗法相结合在改善患者生存质量和提高生活质量上的优势，并对未来的发展方向提出了展望和建议。
,,train-00119-7cfd79114bb2,train,119,long_form_generation,,请根据中医理论，结合真实问题，生成一段关于产后大便次数增多的问题描述和治疗建议。,产后大便次数增多，可能是由于产后身体虚弱，脾肾阳虚所致。治疗时，可以考虑采用温补脾肾、固涩止泻的方剂，如四神丸、真人养脏汤等。同时，注意饮食调理，避免生冷、油腻食物，保持情绪稳定，避免过度劳累。
,,train-00147-e660fbf2f0e1,train,147,knowledge_qa,medical_advice|medical_advice_without_safety_language|personal_medical_advice|personal_medical_advice_without_safety_language|vulnerable_population|vulnerable_population_without_safety_language,小儿厌食，推荐哪些中药方剂？,小儿厌食可采用理脾汤治疗：苍术3克，陈皮3克，厚朴3克，神曲6克，焦山楂6克，炒麦芽6克。
,,train-00149-25f4fd064b9f,train,149,knowledge_qa,medical_advice|medical_advice_without_safety_language|personal_medical_advice|personal_medical_advice_without_safety_language,我最近湿气很重，总感觉身体沉重，四肢无力，有什么好的中药方剂推荐吗？,根据您的症状，可能是湿阻气滞痞满证。建议尝试使用具有祛湿、行气、消痞功效的方剂，如平胃散、五苓散等。这些方剂可以帮助调理脾胃，祛除湿气，恢复身体的正常机能。不过，最好是根据个人具体症状，在中医师的指导下选用合适的方剂。
,,train-00160-7fea5efdf5d2,train,160,long_form_generation,document_style_output,中医治疗遗尿的方法有哪些？请写一篇关于遗尿中医疗法的摘要。,本文综述了中医疗法在处理遗尿症状上的多种有效策略，从辨证施治的原则出发，结合经典方剂如缩泉丸、补骨脂汤等的应用案例。分析了针灸治疗和中药干预对于改善遗尿患者的排尿控制能力和提高生活质量的贡献。阐述了调和阴阳、健脾益肾和温通膀胱等原则在中医理论体系中的实践应用，强调了个体化治疗方案在临床操作上的重要性。
,,train-00172-b30ecf28ccb7,train,172,knowledge_qa,serious_condition|serious_condition_without_safety_language,疑似血癌的病人，中医问诊中应注意哪些体征？,中医诊断疑似血癌（即血液系统疾病）时，会特别注意患者的舌象、脉象以及面部和身体上的体征变化。通常关注：舌质是否异常（如出现瘀斑或色泽深重等），舌苔的厚薄、颜色（淡白、黄腻、裂纹等）；脉搏情况，如是否滑数、弱沉等；患者的精神状态如何；是否伴有乏力、盗汗、口干等症。面部看是否有紫黑、萎黄或者斑点，身体检查时需留意有无淋巴结肿大或皮肤瘀斑、出血等症状。中医诊断与问诊时注重个体差异，结合整体症状评估患者体内气血的运行情况和脏腑的功能状态。
,,train-00202-960b7911495a,train,202,title_generation,short_output|title_only_output|unverified_research_claim,请为研究脾阳虚衰证与现代社会生活方式关系的论文拟一个标题。,《现代社会生活方式对脾阳虚衰证影响的研究》
,,train-00218-f0e154852b54,train,218,knowledge_qa,,金钱草属于哪一类中药？,金钱草属于清热药类别中的草药，具体来说，它可以归为清热解毒、利尿通淋的药材。在中医理论中，金钱草性味甘、淡、凉，归膀胱经和肝经，常用于治疗湿热黄疸、石淋、热淋等症。
,,train-00224-5ae4d772af7a,train,224,knowledge_qa,heading_only_output|heading_only_task_mismatch|short_output|unverified_research_claim,探讨鸡血藤对糖尿病肾病大鼠肾组织损伤的保护作用及机制研究,鸡血藤对糖尿病肾病大鼠肾组织损伤的保护作用及机制研究
,,train-00237-ed352f5c46e7,train,237,knowledge_qa,heading_only_output|heading_only_task_mismatch|medical_advice|medical_advice_without_safety_language|short_output,中医对糖尿病神经病变的治疗方法和效果评估,中医治疗策略在缓解糖尿病神经病变症状与改善患者生活质量方面的成效研究
,,train-00242-fdc90453f00f,train,242,knowledge_qa,medical_advice|medical_advice_without_safety_language,妇人阴冷邪入少阳证，请推荐一个中医方剂。,妇人阴冷邪入少阳证，可以选用温经汤来治疗。温经汤是一种具有温经散寒、调经止痛作用的方剂，适用于寒邪侵袭少阳经所引起的症状，如经痛、月经不调等。
,,train-00250-a5bc5d8994d5,train,250,knowledge_qa,duplicate_output,请描述一下中医中的'证候'概念。,中医中的'证候'是指疾病发展过程中某一阶段的病理概括，它包括了病的原因、病的性质、病的部位以及邪正关系等，是中医诊断和治疗疾病的重要依据。
,,train-00301-af4a8e160368,train,301,knowledge_qa,unverified_research_claim,中药在现代医学中的应用,中药是一种古老的治疗方法，在现代医学中也有着广泛的应用。中药可以改善身体的免疫力、减轻炎症反应、促进血液循环等，对于一些慢性疾病如高血压、糖尿病、心脑血管疾病等都有一定的辅助治疗作用。此外，中药还可以用于缓解疼痛、舒缓神经、调节情绪等方面，对于失眠、焦虑、抑郁症等精神疾病也有一定的疗效。但是，在使用中药时需要注意选择正规的中药材和中药方剂，并在专业医生指导下进行治疗。
,,train-00309-f724aa7874b3,train,309,knowledge_qa,latin_text_fragment,Orthostatic Headache是什么病症？中医如何理解与治疗？,Orthostatic Headache，即直立性头痛，通常在站立时加剧，可能由多种原因引起，如低颅压综合征。中医认为此症与气虚、血瘀有关，治疗时宜补益气血、活血化瘀，可使用补中益气汤、桃红四物汤等方剂，并结合针灸、拔罐等外治法。
,,train-00313-4b73aa49cc49,train,313,long_form_generation,title_only_output|title_only_task_mismatch|very_short_output,请根据中医理论，撰写一篇关于鬼箭羽功效与应用的文献。,《鬼箭羽的功效与应用探讨》
,,train-00314-5c74d53829e8,train,314,extraction_classification,potentially_toxic_herb|short_output|toxic_herb_without_safety_language,请将以下中药按照药性分类：人参、黄芩、甘草、石膏、附子。,按照药性分类，人参、甘草属于补益药；黄芩、石膏属于清热药；附子属于温里药。
,,train-00318-477c3d6a6475,train,318,knowledge_qa,serious_condition|serious_condition_without_safety_language,我有一个朋友患有原发性恶性肿瘤，在中医上有何调养方案？,中医对原发性恶性肿瘤通常认为是气、血、湿毒等因素累积，引起体内阴阳失衡导致。调养方案主要为：（1）清热解毒：如用连翘、黄连等药物清热；（2）化痰散结：利用半夏、桔梗、贝母等药物调理，以去除肿瘤与体内的痰湿；（3）活血化瘀：通过红花、桃仁等中药帮助促进血液流通。整体建议配合饮食调整和适当的中医保健治疗，如采用药膳或针灸，同时也需关注病人的情绪状态并保持乐观积极的态度。请在专业中医师的指导下实施上述方案，并结合西医治疗以实现最佳效果。
,,train-00339-f89fa9d91aed,train,339,knowledge_qa,medical_advice|medical_advice_without_safety_language,焦虑症可以使用哪些中药治疗？,对于焦虑症的中医疗法，主要依赖于调和五脏、平衡情绪的心理与物理治疗方法。常用的药物包括龙胆草、远志、酸枣仁等以清肝宁神；茯苓、甘麦水谷等用于补心安神；并可能联合使用柴胡、合欢花等具有舒肝解郁功效的中药材来缓解焦虑症状。
,,train-00389-1d748ce02707,train,389,title_generation,heading_only_output|short_output|unverified_research_claim,请为以下主题生成一个中医文献标题：'中药治疗慢性疲劳综合征的临床研究',中药治疗慢性疲劳综合征的临床疗效观察与机制探讨
,,train-00406-9428d7c1cba4,train,406,long_form_generation,short_output|title_only_output|title_only_task_mismatch|unverified_research_claim,关于肥胖问题与中医干预研究的文献综述,《中医理论在肥胖症治疗中的应用进展及其效果评价》
,,train-00461-20c98bd2300d,train,461,knowledge_qa,short_output|unverified_research_claim|vulnerable_population|vulnerable_population_without_safety_language,探讨小儿先天性高氨血症与肠道菌群的关系以及中西医结合治疗策略。,'先天性高氨血症与肠道菌群动态平衡：中医、西药干预下的联合治疗方法'
,,train-00476-f5b5947e8f88,train,476,extraction_classification,potentially_toxic_herb|short_output|toxic_herb_without_safety_language,请将以下中药按照药性分类：川乌、仙鹤草、白及、杜仲。,川乌属于温性药，仙鹤草属于平性药，白及属于寒性药，杜仲属于温性药。
,,train-00495-07d777d4e01e,train,495,title_generation,dosage_question|dosage_without_safety_language|medical_advice|medical_advice_without_safety_language|short_output|title_only_output|unverified_research_claim,请根据以下内容生成一个中医文献标题：本研究探讨了莱菔子和钟乳石在不同剂量下对大鼠便秘模型的治疗效果。,《莱菔子与钟乳石治疗大鼠便秘模型的效果及剂量探讨》
,,train-00501-eb6e85a49590,train,501,rewriting_editing,medical_advice|medical_advice_without_safety_language|short_output,请编辑以下句子，使其符合中医术语的使用规范：'我最近身体出现了血瘀，需要找中医进行破血行瘀的治疗。',我近身体出现了瘀血阻滞的情况，打算求助于中医进行活血化瘀的治疗。
,,train-00507-4190a657a8d8,train,507,knowledge_qa,heading_only_output|heading_only_task_mismatch|short_output|unverified_research_claim,探讨草果在治疗脾胃湿阻证中的药效学研究,草果化湿汤对脾胃湿阻证大鼠模型的影响及作用机制研究
,,train-00512-cdbf8d69236a,train,512,knowledge_qa,unsafe_absolute_claim|unverified_research_claim,中药汤剂在现代医学中的应用,随着现代社会的发展和科技的进步，中医中药逐渐得到了越来越多的认同和认可。其中，中药汤剂作为一种传统中医治疗方法，也在现代医学中得到广泛应用。中药汤剂是由多种中药组成的复方药物，具有治疗疾病、调节身体功能等功效。它可以通过口服、外用、穴位注射等方式进行给药，适用于各种疾病的治疗。例如，在感冒、流感、肺炎等呼吸道疾病治疗方面，中药汤剂具有良好的疗效和安全性；在肝病、胃病、肠病等方面，中药汤剂可以有效改善病情，促进康复。总之，中药汤剂作为一种安全有效的治疗方法，值得我们在日常生活中广泛应用和发展。
,,train-00524-2551a9af4abe,train,524,title_generation,title_only_output|unverified_research_claim|very_short_output,请为以下主题生成一个合适的文献标题：探讨肺热津伤证与便溏之间的关系。,《肺热津伤证与便溏相关性探讨》
,,train-00540-25107aafc0ed,train,540,knowledge_qa,medical_advice|medical_advice_without_safety_language|short_output|unverified_research_claim,探讨恶性表皮样间皮瘤的传统中医药治疗方法研究进展,恶性表皮样间皮瘤的中医治疗新视野: 综述与未来展望
,,train-00572-32b669f9e8d1,train,572,long_form_generation,document_style_output,请撰写一篇关于麻黄在治疗感冒中应用的文献综述。,标题：《麻黄在治疗感冒中的应用及药理机制综述》摘要：麻黄为中医常用解表药，具有发汗解表、宣肺平喘的功效。本文综述了麻黄在治疗感冒中的应用，并探讨了其药理机制。研究表明，麻黄主要成分麻黄碱能够兴奋交感神经，促进汗腺分泌，从而达到发汗解热的效果。此外，麻黄还具有抗炎、抗菌、镇咳平喘等作用，对于感冒引起的发热、咳嗽等症状具有良好的缓解作用。临床应用时应注意辨证论治，合理配伍，以发挥麻黄的最佳疗效。关键词：麻黄；感冒；解表；药理机制
,,train-00598-bf9fa7e972ae,train,598,knowledge_qa,short_output|title_only_output|title_only_task_mismatch|unverified_research_claim,关于乌药的中医研究,《乌药在中医治疗中的应用与研究》
,,train-00599-9628916bab78,train,599,rewriting_editing,short_output|vulnerable_population|vulnerable_population_without_safety_language,修改这段话以更清晰地描述中药非酒精性脂肪肝的功效：通过调理脾脏、改善肝功能障碍。,中药治疗非酒精性脂肪肝时，着重于调节脾脏的功能来促进肝脏健康的恢复与保护。
,,train-00612-593566dec215,train,612,knowledge_qa,dosage_question|dosage_without_safety_language|medical_advice|medical_advice_without_safety_language,在中医中，0.15～0.35g通常指的是什么剂量？,在中医中，0.15～0.35g这样的剂量通常指的是某些毒性较大或药效较强的中药饮片的处方剂量。这类药物需要精确计量，以确保安全有效。例如，某些虫类药或矿物药的剂量可能会在这个范围内，以避免过量引发不良反应。
,,train-00658-db17c4950647,train,658,knowledge_qa,heading_only_output|heading_only_task_mismatch|short_output|unverified_research_claim,基于阴竭阳脱理论的中医急救方案探讨,探讨阴竭阳脱理论在中医急救中的应用及疗效分析
,,train-00671-b5c90b9a649f,train,671,knowledge_qa,short_output|unverified_research_claim,中医针灸对慢性活动性肝炎的影响研究,“探索针灸在缓解及预防慢性活动性肝炎中的临床疗效与作用机制”
,,train-00685-75eb37f9a035,train,685,knowledge_qa,unverified_research_claim,宫颈上皮内瘤变的最新研究进展是什么？,'宫颈癌前病变：从病理生理学新知到个性化精准治疗'，这可能是一个全面探索该领域最新发展和挑战的研究题目。
,,train-00688-3b94d8a1722b,train,688,extraction_classification,,将以下中药按性味归经分类：黄连、黄芩、黄柏。,黄连：苦寒，归心、肺、胃、大肠经；黄芩：苦寒，归肺、胆、胃、大肠经；黄柏：苦寒，归肾、膀胱经。
,,train-00689-1f91cb38de2e,train,689,title_generation,duplicate_output|short_output|title_only_output|unverified_research_claim,请根据以下内容生成一个中医文献的标题：本研究探讨了黄芪对糖尿病肾病大鼠肾脏保护作用及机制。,《黄芪对糖尿病肾病大鼠肾脏保护作用及机制研究》
,,train-00695-03cbd62bcc88,train,695,title_generation,short_output|title_only_output|unverified_research_claim,请为以下主题生成一个中医文献标题：‘探讨中药在调节人体免疫力方面的作用’,《中药调节人体免疫力的作用机制与临床应用研究》
,,train-00732-ddc94a31e41d,train,732,title_generation,potentially_toxic_herb|short_output|title_only_output|toxic_herb_without_safety_language,请为以下主题生成一个文献标题：半夏在治疗湿阻中焦证中的应用。,《半夏在治疗湿阻中焦证中的临床应用与药效探讨》
,,train-00733-bcc4e186960e,train,733,knowledge_qa,medical_advice|medical_advice_without_safety_language|personal_medical_advice|personal_medical_advice_without_safety_language,最近总是感觉腰酸背痛，精神不振，可能是肾虚，请推荐一些中药方剂。,肾虚可以尝试使用六味地黄丸、金匮肾气丸等方剂进行调理。这些方剂都有补肾填精、固肾止泻的作用。但具体使用哪种方剂，还需根据个人体质和症状进行选择，建议在中医师的指导下使用。
,,train-00747-992ebacfca91,train,747,title_generation,short_output|title_only_output|unverified_research_claim,请根据以下内容生成一个中医文献标题：研究探讨了中药复方制剂在治疗寒湿阻滞型慢性盆腔炎中的临床效果。,《中药复方制剂治疗寒湿阻滞型慢性盆腔炎的临床研究》
,,train-00760-4d720bbd0b5b,train,760,long_form_generation,medical_advice|medical_advice_without_safety_language|potentially_toxic_herb|toxic_herb_without_safety_language,请撰写一段关于细辛在中医药方中应用的文献段落。,细辛，在中医药方中的应用历史悠久，其性味辛、温，归肺、肾、心、肝经。细辛具有祛风散寒、通窍止痛的功效，是治疗风寒感冒、头痛、鼻塞等病症的常用药物。在《本草纲目》中，对细辛的应用有详细的记载，如细辛配伍白芷可治疗风寒头痛。此外，细辛在现代研究中被发现含有多种有效成分，具有抗炎、镇痛等药理作用，进一步证实了其在中医药方中的重要地位。
,,train-00779-6fda472dfd98,train,779,title_generation,short_output|title_only_output|unverified_research_claim,请撰写一篇关于'决明子'在现代研究中应用的文献综述标题。,《决明子：传统中药材在现代药理学与临床研究中的应用》
,,train-00801-dd475170dd0b,train,801,knowledge_qa,heading_only_output|heading_only_task_mismatch|serious_condition|serious_condition_without_safety_language|short_output|unverified_research_claim,关于肺鳞癌与传统中医疗法的关联性研究,肺鳞癌患者接受中医干预后的治疗效果与生存率对比分析
,,train-00803-09e61207a663,train,803,rewriting_editing,,请根据中医理论，修改下面这句话中的错误：'人参是一种温热的药物，可以用来治疗各种热病。',人参性温，归心、脾、肺经，能大补元气、健脾益肺、生津止渴、安神益智，用于治疗气虚欲脱、脾气虚弱、食少便溏、肺气亏虚、喘咳乏力、津伤口渴、失眠多梦等症状。因其性质温补，不适合用于治疗热病。
,,train-00815-7c85cb7641af,train,815,title_generation,heading_only_output|latin_text_fragment|short_output,请根据以下关键词生成一篇关于中医的文献标题：肾气亏虚、Intermittent Vertigo。,“肾气亏虚所致间歇性眩晕的中医治疗研究”
,,train-00816-43b9f3589a38,train,816,knowledge_qa,heading_only_output|heading_only_task_mismatch|serious_condition|serious_condition_without_safety_language|short_output|unverified_research_claim,研究中成药与现代化疗药物联合治疗晚期肝癌的效果和机理。,【联合用药治疗】晚期肝癌：中医中成药配合现代化学疗法的协同效应研究
,,train-00826-e68ec05de7d3,train,826,title_generation,short_output|title_only_output|vulnerable_population|vulnerable_population_without_safety_language,请帮我生成一个关于中医治疗孕妇恶心呕吐的文献标题。,《基于中医理论的孕妇恶心呕吐治疗方法研究》
,,train-00881-1f62c4474401,train,881,knowledge_qa,latin_text_fragment,Memory Loss Or Impairment在中医里是如何解释的？,在中医理论中，Memory Loss Or Impairment可能与肾精不足、心脾两虚、气血瘀阻等多种因素有关。中医治疗时会根据具体证型进行辨证施治，常用的治疗方法有补肾填精、健脾养心、活血化瘀等。
,,train-00882-393109a1e8d0,train,882,knowledge_qa,heading_only_output|heading_only_task_mismatch|medical_advice|medical_advice_without_safety_language|short_output|unverified_research_claim,关于中药方剂推荐的研究,基于多图卷积网络的中药方剂推荐模型研究
,,train-00916-aa4998586e47,train,916,knowledge_qa,vulnerable_population|vulnerable_population_without_safety_language,小儿预激综合征与心率过速之间的联系是什么？中药能起到什么作用？,小儿预激综合征是一种常见的先天性心脏异常，常伴随着心室早搏或快速心律失常。在中医看来，这可能关联“痰湿、火”等因素引发的心悸等病症。针对此问题的治疗通常包括调整饮食、情绪与生活方式等方面，并且会用到具有清热化痰、调理气机功能的中药进行辅助。具体用药可考虑四物汤加味、半夏茯苓丸等以帮助调节患儿体内的气血与津液平衡，达到稳定心率的作用。但是，针对特殊疾病治疗时应当注意，药物应用需谨慎并应遵循中医师的专业指导，在某些情况下可能需要配合西医疗法进行综合管理。
,,train-00946-eab173660cee,train,946,knowledge_qa,dosage_question|dosage_without_safety_language|medical_advice|medical_advice_without_safety_language|unverified_research_claim,描述一次使用中药调理身体的实际案例，包括病症、使用的药材及最终疗效。,一位50岁的女性因为长期的肩周炎问题，感到肌肉紧绷与疼痛影响日常生活。她在专业中医指导下采用了一系列温和但针对性强的传统药物。主要包括了当归以滋养血液和舒缓疼痛，羌活以通散关节僵硬和肿痛，同时配以白芍来调节气血平衡，并辅以鹿角胶以补益体元、促进筋骨恢复。通过为期6周的中药治疗后，患者的疼痛感显著减轻，肌肉松弛度改善，活动范围明显增加。整个过程，患者体验到了中医调理的安全性与有效性，在改善体质的同时达到症状缓解和提高生活质量的目的。
,,train-00949-93c4526ddd5f,train,949,long_form_generation,document_style_output|unverified_research_claim,请为一篇探讨胃肠湿热证的中医疗法及其在现代医学中应用的文献撰写摘要。,本文综述了胃肠湿热证的中医治疗方法，包括中药治疗、针灸疗法等，并探讨了其与现代医学的关联，以期为临床实践提供参考。
,,train-00950-cfab5587b23d,train,950,title_generation,short_output|title_only_output|unverified_research_claim,请根据以下内容生成一个中医文献的标题：探讨大蒜在降低血脂和抗血小板聚集方面的作用机制。,《大蒜对血脂调控及抗血小板聚集作用机制的研究》
,,train-00951-c8f66f02f0b6,train,951,knowledge_qa,personal_medical_advice,最近总是感觉身体沉重，乏力，没有精神，中医有什么好的调理方法吗？,根据您的描述，可能是属于中医学中的'脾气虚弱'。建议可以尝试使用四君子汤来调理。四君子汤是一种经典的补益剂，主要成分有人参、白术、茯苓、炙甘草，适合脾气虚弱的人群。请在中医师指导下使用。
,,train-00958-eddd9e4415a9,train,958,knowledge_qa,latin_text_fragment,一枝黄花有什么药用价值？,一枝黄花，又称 Solidago virgaurea，具有清热解毒、疏风除湿、利尿消肿等功效。在中医中，常用其来治疗湿热黄疸、湿疹、尿路感染等疾病。
,,train-01018-bc232c49fcac,train,1018,knowledge_qa,serious_condition|serious_condition_without_safety_language,为什么多花八角莲可以用于非骨髓性甲状腺癌治疗？,多花八角莲作为一种传统中药，其在非骨髓性甲状腺癌中的应用，主要基于其具有一定的抗肿瘤活性和调节免疫系统的潜力。其中所含的黄酮类成分可能对抑制恶性细胞生长、减轻炎症及提高患者免疫力有积极作用。
,,train-01026-23eb4e99051e,train,1026,title_generation,potentially_toxic_herb|serious_condition|serious_condition_without_safety_language|short_output|title_only_output|toxic_herb_without_safety_language|unverified_research_claim,请根据以下内容生成一个中医文献标题：研究探讨了川乌中有效成分对白血病细胞株的抑制作用。,《川乌有效成分对白血病细胞株抑制作用的实验研究》
,,train-01045-4897190ad068,train,1045,knowledge_qa,medical_advice|personal_medical_advice,麻疹后，孩子皮肤瘙痒，夜间加重，影响睡眠，有什么中药方剂可以缓解？,麻疹后皮肤瘙痒，夜间加重，可以考虑使用清热解毒、养血润燥的方剂。比如，可以尝试使用清热地黄汤加味，具体用药还需根据孩子的实际情况由中医师指导。
,,train-01052-f5bbb998ed3a,train,1052,title_generation,title_only_output|unverified_research_claim|very_short_output,请根据以下关键词生成一篇关于中医药的文献标题：中医药、糖尿病、治疗、临床研究。,《中医药治疗糖尿病的临床研究》
,,train-01074-569259225ea9,train,1074,knowledge_qa,heading_only_output|heading_only_task_mismatch|unverified_research_claim|very_short_output,关于中医治疗水肿的研究,中医治疗水肿的优势与方法研究
,,train-01124-1887422b83f6,train,1124,knowledge_qa,document_style_output|document_style_task_mismatch|malformed_instruction|unverified_research_claim,本研究探索了中药在减轻化疗副反应中的应用，并分析其临床效果及安全性的数据。,本文对中药在缓解化疗药物所致副作用的临床应用进行了系统回顾和数据分析，重点阐述了各类中成药和单味中药的治疗机制、适应症选择、给药途径以及潜在的安全性指标，同时整合了近期的多中心随机对照研究证据。通过综合评估不同疗法的有效性与耐受性，以期为化疗患者提供安全、高效的辅助治疗策略，进而提高生活质量和预后效果。
,,train-01135-300fdb40f667,train,1135,knowledge_qa,personal_medical_advice|vulnerable_population,一位70岁的老年人因为吊山桃引起的皮肤过敏，寻求中药治疗建议。,针对因吊山桃引起的皮肤过敏现象，可以考虑采用中医辨证施治的方法。根据具体情况可以选择清热解毒、祛风止痒的方剂进行内服治疗，并结合外用中草药膏进行局部消炎、舒缓症状。例如：可采用银翘散加减配伍，加入连翘、金银花等清热解毒之品；对于局部皮肤炎症明显者，可以选用具有消肿止痒功能的中药膏如三黄洗剂等。但需要注意的是，使用任何草药或药物之前，应该咨询专业的中医师以确保安全性和适宜性，并针对具体情况调整方剂。
,,train-01148-dd3a1f79a85a,train,1148,long_form_generation,,请撰写一段关于肝血不足的中医文献。,肝血不足，是指肝经血液亏虚，不能濡养头目、肢体、爪甲等，表现为眩晕、视力减退、肢体麻木等症状。治疗上，应以补血养肝为主，可选用四物汤、加味逍遥散等方剂。
,,train-01151-ab93725379bc,train,1151,knowledge_qa,medical_advice|medical_advice_without_safety_language|personal_medical_advice|personal_medical_advice_without_safety_language,患有阴虚火旺证，中医师可能会推荐哪种方剂？,阴虚火旺证在中医理论中，可以采用滋阴降火的方剂进行治疗。常见的方剂有六味地黄丸、知柏地黄丸等，它们通过滋阴清热来调整身体的阴阳平衡，缓解阴虚火旺带来的症状，如五心烦热、口干咽燥等。
,,train-01167-836569d283c1,train,1167,knowledge_qa,medical_advice|medical_advice_without_safety_language|vulnerable_population|vulnerable_population_without_safety_language,儿童营养障碍在中医中有哪些治疗方法？,中医治疗儿童营养障碍的方法多样，包括药物治疗、饮食调理、推拿按摩等。例如，针对营养不良、消化吸收不良，可以使用健脾消食的方剂如六君子汤；对于特定营养素缺乏，可通过食物补充或中药调整。此外，推拿按摩可以改善脾胃功能，增强食欲。重要的是根据儿童的具体体质和症状，由中医师制定个性化治疗方案。
,,train-01172-7112108b31fb,train,1172,rewriting_editing,short_output,请修改以下句子中的错误：'中药的四气五味理论，是指药物的四种气候和五种味道。',中药的四气五味理论，是指药物的四种性质和五种味道。
,,train-01186-dec081ec3d38,train,1186,knowledge_qa,medical_advice|medical_advice_without_safety_language|personal_medical_advice|personal_medical_advice_without_safety_language,我最近感觉胃口不好，有什么中药方剂可以帮助消化？,根据中医理论，胃不好主要是因为脾胃虚弱、胃肠蠕动缓慢、食物不能被充分消化等原因所致。因此，建议您可以使用一些温中散寒、健脾益胃的中药方剂来帮助消化，如四君子汤、六君子汤等。四君子汤是一种常用的中药方剂，由人参、白术、茯苓、大枣等组成，具有温中益气、健脾和胃的功效。该方剂可以促进胃肠蠕动，提高消化功能，帮助食物的吸收和代谢，从而缓解胃口不好、腹胀、恶心等症状。六君子汤也是一种常用的中药方剂，由人参、白术、茯苓、甘草等组成，具有补中益气、健脾开胃的功效。该方剂可以增强胃肠蠕动，促进食物消化吸收，缓解腹胀、食欲不振、口干舌燥等症状。需要提醒的是，中药方剂虽然具有一定的辅助治疗作用，但是并非适合所有人群，特别是孕妇和儿童等特殊人群，应该在医生的指导下使用。另外，在使用中药方剂时，也要注意药物剂量、用法等问题，以免造成不良反应或者毒副作用。
,,train-01198-7efa6f177df7,train,1198,knowledge_qa,serious_condition|serious_condition_without_safety_language|unverified_research_claim,现代科学研究中有哪些中药材被证实具有抗肿瘤作用？,现代研究已经证实多种中草药对癌症具有一定抑制作用，包括但不限于：1. 鹿茸，含有生物活性成分可促进免疫系统功能；2. 灵芝多糖体，增强机体的抗癌免疫力；3. 黄芪，调节人体的细胞代谢和抗凋亡作用，辅助抵抗肿瘤发展；4. 三七，有止血、抗炎和抗氧化的多重效果，对癌细胞增殖有一定抑制作用。在使用任何草药作为治疗辅助时，请务必遵循专业医疗人员指导，以确保安全性与有效性。
,,train-01231-3fc974ac7660,train,1231,title_generation,medical_advice|medical_advice_without_safety_language|short_output|title_only_output|unverified_research_claim,请根据以下内容生成一个中医文献的标题：文献讨论了中医治疗胃阴虚的方法，包括药方和食疗，以及与现代医学的关联。,《胃阴虚的中医治疗探讨：药方、食疗及与现代医学的关联》
,,train-01234-2927590655a8,train,1234,knowledge_qa,document_style_output|document_style_task_mismatch|medical_advice|medical_advice_without_safety_language,关于中药的来源、与相关实体的关系及使用场景分析，你有何见解？,本文详细解析了中药的主要来源，包括野生采集、人工栽培等，并阐述其如何与各类药用植物和矿物密切相关。通过对中医药历史、理论体系的理解，结合现代医学研究成果，对传统中草药在治疗、保健及养生领域的应用进行了深入分析。强调了中药的科学价值以及文化背景对其临床使用的重要性，为实现传统医药现代化提供了启示。
,,train-01259-eceaef690895,train,1259,extraction_classification,duplicate_output|short_output,请将以下中药按照功效分类：人参、黄连、枸杞子、当归。,人参、枸杞子属于补虚药；黄连属于清热药；当归属于补血药。
,,train-01271-e8f2b6124356,train,1271,long_form_generation,document_style_output|potentially_toxic_herb|toxic_herb_without_safety_language|unverified_research_claim,请对以下文献进行摘要：本文研究了附子对心血管系统的影响，发现附子能增强心脏的收缩力，增加心输出量，并具有抗心律失常的作用。,本文研究了附子对心血管系统的影响，发现附子能增强心脏的收缩力，增加心输出量，并具有抗心律失常的作用。
,,train-01276-13527b870742,train,1276,knowledge_qa,document_style_output|document_style_task_mismatch|serious_condition|serious_condition_without_safety_language|unverified_research_claim,本文概述了中药在治疗睾丸癌中独特的调理作用和主要原理，并探讨其与现代医学之间的互补性。,该文总结了中药材用于睾丸癌治疗的特性及其与西医方法的相辅相成之处，详细阐述了其生物学基础以及在疾病管理中的实践应用。
,,train-01283-b266ec9f2707,train,1283,knowledge_qa,personal_medical_advice|personal_medical_advice_without_safety_language,我有一个亲戚患有弱视，我想知道中医有没有什么方法可以辅助治疗？,对于弱视这种视觉功能障碍的儿童患者，中医常常采取调理身体内部环境与外部生活学习方式结合的方法进行综合治疗。首先，注重调整生活习惯，保证足够的睡眠和均衡营养。其次，中医常用的疗法包括针灸、按摩、眼操等物理治疗方法来促进眼部血液循环，缓解眼部疲劳；还有根据患儿的具体情况配制个性化中药方剂，如以补气养血、调肝明目为主进行调理。配合眼科专业治疗，能达到较好的辅助效果。请务必在专业人士指导下实施。
,,train-01293-bde7db93608b,train,1293,knowledge_qa,document_style_output|document_style_task_mismatch|medical_advice|medical_advice_without_safety_language|unverified_research_claim,关于中医对病毒性脑膜炎的治疗方法及效果研究,本文综述了中医疗法在应对病毒性脑膜炎中的应用，并讨论了其临床治疗效果与现代医学相比的优势。分析显示，中医药疗法通过调节免疫系统、抑制病毒感染和改善炎症反应等方面，展现出独特的治疗价值。文章详细介绍了如柴胡桂枝汤、黄连解毒汤等经典方剂的使用实例，在控制疾病发展及恢复患者健康方面均取得显著成果，同时讨论了结合现代医疗设备支持下的中医干预策略的有效性与局限性。
,,train-01295-92367cf557a4,train,1295,title_generation,short_output|title_only_output|unverified_research_claim,请根据中医理论，结合现代研究，撰写一篇关于沙棘在中医中的应用的文献标题。,《沙棘在中医中的应用及其现代药理学研究》
,,train-01305-a6076be9c769,train,1305,knowledge_qa,medical_advice|medical_advice_without_safety_language,请简述甘草在中药方剂中的作用。,甘草在中药方剂中具有调和药性、缓急止痛、解毒等作用。它能调和各种药物的性能，使方剂更加稳定；同时，甘草还能缓解药物的烈性和毒性，降低副作用。此外，甘草还有一定的抗炎、抗过敏、免疫调节等作用。
,,train-01340-4f02a89abaa8,train,1340,knowledge_qa,serious_condition|serious_condition_without_safety_language,乳腺癌淋巴结阳性能接受中医治疗吗？效果如何？,中医疗法在乳腺癌尤其是淋巴结阳性患者中有一定应用，其核心是辨证论治，调整患者的整体状态。可能采用中药、针灸等手段，帮助改善患者体质及减轻放化疗后的不适感，并对一些辅助恢复有正面影响。但是，对于乳腺癌的综合治疗来说，中西医结合是个体化决策过程中的一个部分，其效果通常与个体状况、分期、肿瘤特征等密切相关，因此需在专业指导下评估和应用中医治疗措施。
,,train-01343-f24d08baa47f,train,1343,knowledge_qa,personal_medical_advice|vulnerable_population,对于血红蛋白浓度低的儿童，有什么适合的中药食补方式？,针对血红蛋白浓度低的情况，以下是一些适宜儿童食用的中药食疗建议：1. 当归羊肉汤，通过当归、生姜等食材补益气血；2. 枸杞炒鸡心，使用枸杞、鸡心搭配而成，有助于养肝和调和体质；3. 黄芪红枣粥，以黄芪、红枣为原料熬制的粥品，有很好的健脾补气效果。注意，由于儿童的身体机能较成人脆弱，药物与食物摄入时需根据个人情况由专业中医师指导剂量。
,,train-01370-e724afa67117,train,1370,knowledge_qa,latin_text_fragment,Sports Injury在中医中属于哪一类疾病？,在中医理论中，Sports Injury（运动损伤）通常被归类于外伤范畴。根据受伤的部位和症状，中医可能会进一步将其细分为筋伤、骨伤、关节伤等。治疗上，中医会根据具体症状采用不同的治疗方法，如针灸、拔罐、推拿和内外用药等。
,,train-01385-600b26a74311,train,1385,knowledge_qa,vulnerable_population|vulnerable_population_without_safety_language,我在考虑为家中老人购买养生保健品，请您给我一些建议？特别是能增强免疫力的产品。,为老人选择养生保健品时，应优先选择增强体质、补气固表的天然成分产品。推荐考虑以下几点：① 高山人参：具有很好的补气功能；② 黄芪和党参组合：有益气、生津之效；③ 蜂胶：具有免疫调节作用，还能帮助提高身体抵抗能力。但在实际购买前，最好咨询中医师或药师以确认是否适合您的长辈，并考虑他们的健康状况与药物互作问题。
,,train-01389-f5dc94a8070c,train,1389,title_generation,medical_advice|medical_advice_without_safety_language|short_output|title_only_output,请根据以下内容生成一个中医文献标题：讨论黄连在清热燥湿方剂中的应用。,《黄连在清热燥湿方剂中的应用及药效学研究》
,,train-01393-9727b4ef0d4a,train,1393,extraction_classification,potentially_toxic_herb|short_output|toxic_herb_without_safety_language,请将以下中药按照药性分类：川乌、砂仁、胡颓子。,川乌属于温性药，砂仁属于温性药，胡颓子属于寒性药。
,,train-01397-43572b35a1e8,train,1397,knowledge_qa,medical_advice|medical_advice_without_safety_language,阴虚火炽证是中医常见的证候之一，常表现为口干、口渴、咽喉干燥、咳嗽少痰等症状，治疗方法是滋阴降火。其中，黄芩和枇杷叶都是常用的中药材，黄芩具有清热解毒、泻火明目的作用，枇杷叶则有润肺止咳、清热解毒的作用，两者的搭配可以起到滋阴降火的作用，对于治疗阴虚火炽证非常有效。,阴虚火炽证的治疗方法是滋阴降火，黄芩和枇杷叶是常用的中药材，黄芩具有清热解毒、泻火明目的作用，枇杷叶则有润肺止咳、清热解毒的作用，两者的搭配可以起到滋阴降火的作用，对于治疗阴虚火炽证非常有效。
,,train-01403-78fb2903317b,train,1403,knowledge_qa,serious_condition|serious_condition_without_safety_language,从中医角度如何理解癌症抽搐的病因病机？,中医学认为，癌症抽搐主要是由于体内气血阴阳失衡引起的病理现象，与肝风内动、虚风内生密切相关。通常涉及到‘气滞血瘀’、‘痰浊阻络’、‘阴津耗损’等病机变化。病因可能有情志不畅导致肝失条达、血行不畅引起肝风；或长期慢性损伤耗伤体内阳气，导致虚风内生，进而影响到经脉的流通而产生抽搐。治疗方法应针对具体证型进行调治，包括平息肝风、温补肾阳、化痰祛瘀等，并辅以中药方剂和针灸理疗来促进气血流畅，恢复生理平衡。
,,train-01434-0176683d723f,train,1434,title_generation,short_output,请根据以下主题生成一篇中医文献的标题：气滞、铁包金、热毒攻心证。,探讨气滞、铁包金与热毒攻心证的关系及中医治疗策略。
,,train-01440-a3beb8df7b85,train,1440,knowledge_qa,medical_advice|medical_advice_without_safety_language,心悸怔忡，时有盗汗，舌红少苔，脉细数，适合使用哪种中药方剂？,根据您描述的症状，这可能是气阴两虚证。建议使用天王补心丹加减进行治疗。天王补心丹是一种传统的中药方剂，主要用于治疗心悸、失眠、盗汗等气阴两虚的症状。请在中医师的指导下使用。
,,train-01441-0828f75a27f2,train,1441,knowledge_qa,vulnerable_population|vulnerable_population_without_safety_language,孕妇有胞宫血热证的表现有哪些？,胞宫血热症常见表现为口干舌燥，尿色深黄且频繁，大便干结。伴有面部和四肢红斑，皮肤瘙痒，甚至可能出血如牙龈出血、皮下瘀点或紫癜等现象。孕妇可能会感觉心烦意乱、潮热汗出，并伴随一些消化系统的症状，如食少、腹胀等，这是由于气血失调引起的一种临床表现。
,,train-01476-bafed51c86a4,train,1476,knowledge_qa,medical_advice|medical_advice_without_safety_language|personal_medical_advice|personal_medical_advice_without_safety_language,我想要缓解口干舌燥的症状，有什么中药可以推荐吗？,根据中医理论，口干舌燥可能与阴虚、气血不足等病证有关。因此，可以选择一些具有滋阴润燥、补益气血的中药来缓解症状。比如，枸杞子、沙参、麦冬、玄参等中药可以滋阴润燥；当归、黄芪、人参等中药可以补益气血。但是，每个人的体质和病情不同，需要在医生的指导下使用中药。
,,train-01478-d6e534fb7614,train,1478,long_form_generation,document_style_output,一篇关于传统中草药对肥胖症影响的文献摘要,本研究旨在探讨几种传统中草药成分对人体体重和代谢因子的影响。实验结果表明，以金银花、山楂、荷叶为主要原料配比后制成的草药方剂，在动物模型上可显著减轻体质量增加与改善相关生物标记物，揭示其在肥胖症治疗中的潜力与机理，并提供了未来研究的方向。
,,train-01526-a2de17eaae1b,train,1526,extraction_classification,,请抽取穿山龙在中医理论中的作用。,穿山龙，在中医理论中，被认为具有活血化瘀、消肿止痛的功效。常用于治疗跌打损伤、瘀血肿痛等症状。
,,train-01557-56a889d89bff,train,1557,knowledge_qa,medical_advice|medical_advice_without_safety_language|personal_medical_advice|personal_medical_advice_without_safety_language,我最近喉咙痛，中医诊断为痰毒壅喉证，有什么中药可以推荐？,痰毒壅喉证通常表现为喉咙痛、声音嘶哑、咳嗽有痰等症状。可以尝试使用具有清热解毒、润喉化痰的中药，如桔梗、甘草、玄参、贝母等。建议在中医师的指导下使用，以制定适合个人情况的方剂。
,,train-01560-e13da8f2cf24,train,1560,knowledge_qa,serious_condition,乳房恶性肿瘤与中医的关系？,乳腺恶性肿瘤在中医中一般被称为“乳岩”，中医认为其发病主要由情志因素、饮食失常、气血失调和外邪侵袭引起，属于内伤病的范畴。通过调理气血、疏肝解郁、消肿散结等方法进行治疗。然而，在现代医学体系下，对恶性乳腺肿瘤的治疗方法更偏向于外科手术、放疗、化疗等。中医辅助治疗可作为补充策略，但患者仍需遵循医生指导，并可能结合西医治疗。
,,train-01566-92df904fd331,train,1566,knowledge_qa,medical_advice|personal_medical_advice,我最近总是感到疲乏无力，中医有什么好的治疗方法吗？,疲乏无力在中医中可能是气虚的表现，可以通过中药调理、针灸、拔罐等方式进行治疗。建议患者到中医医院进行详细的诊断和治疗。
,,train-01583-4d90f74e08f9,train,1583,long_form_generation,document_style_output,请以痈为例，撰写一篇关于中医外科病症治疗的文献摘要。,本文以痈为例，探讨中医外科病症的治疗方法。痈是一种常见的化脓性感染，中医治疗通常采用清热解毒、活血化瘀的方法。如使用黄连解毒汤、仙方活命饮等方剂。同时，外治法如切开排脓、外敷金黄散等也是重要的治疗手段。
,,train-01605-85eb3ab91d9b,train,1605,knowledge_qa,medical_advice|medical_advice_without_safety_language|personal_medical_advice|personal_medical_advice_without_safety_language,我最近总是头痛，中医有什么好的治疗方法吗？,头痛在中医中可能是由多种原因引起的，如肝阳上亢、痰湿内阻等。可以根据具体证候来选择适当的治疗方法，如使用川芎茶调散、天麻钩藤饮等方剂，或者采取针灸、拔罐等外治法。建议您咨询专业的中医师进行详细诊断和治疗。
,,train-01608-0099b3775c7e,train,1608,knowledge_qa,heading_only_output|heading_only_task_mismatch|short_output|unverified_research_claim,探究中药治疗慢性疲劳综合征的效果研究。,“传统中药疗法在缓解慢性疲劳综合症中的应用与效果：现代临床试验综述”
,,train-01613-18c565f7c81a,train,1613,extraction_classification,heading_only_output|heading_only_task_mismatch|serious_condition|serious_condition_without_safety_language|short_output|unverified_research_claim,探讨兰屿落叶榕提取物对中药郁金在抑制肿瘤转移中的协同效应研究,兰屿落叶榕与中药郁金联合应用在肿瘤转移治疗中：协同作用机制与临床价值探讨
,,train-01650-dd0a6eb93f76,train,1650,knowledge_qa,short_output|title_only_output|title_only_task_mismatch|vulnerable_population|vulnerable_population_without_safety_language,如何通过中药调理儿童脾胃问题？,《儿童脾胃问题的中药调理方法研究》
,,train-01657-0ba887f10aab,train,1657,long_form_generation,,请撰写一篇关于房劳重的中医治疗与调理的文献摘要。,房劳重是中医学中的一种病证，多因房事过度、肾精亏损导致。治疗上，中医主张补肾填精、固涩止遗，常用方剂有金锁固精丸、右归丸等。此外，患者应调节生活，避免房劳，饮食宜清淡，加强身体锻炼，以促进康复。
,,train-01664-266f0eac4ba7,train,1664,knowledge_qa,heading_only_output|heading_only_task_mismatch|unverified_research_claim|very_short_output,关于湿毒的中医治疗研究,湿毒与中医治疗：一项系统综述
,,train-01676-06ea5fbf7bc8,train,1676,knowledge_qa,medical_advice|medical_advice_without_safety_language|personal_medical_advice|personal_medical_advice_without_safety_language,我最近睡眠质量不好，总是做梦，醒来后感到很疲惫，有什么中药方剂可以推荐吗？,根据您的症状，可能是心脾两虚，导致心血不足，无法养心安神。建议可以尝试使用归脾汤进行调理。归脾汤是一种经典的中药方剂，主要用于治疗心脾两虚引起的失眠、多梦、心悸等症状。在使用前，请咨询专业的中医师，以便根据您的具体情况进行调整。
,,train-01706-34fd405e1124,train,1706,knowledge_qa,malformed_instruction,与相关、前牙深覆盖有关的常见中医疗法是哪些？,治疗与“前牙深覆盖”相关的问题，中医常常会采取整体调整的方法，并非单独针对牙齿的矫正。方法可能包括针灸来改善咬合和口腔肌肉协调、拔罐以促进气血运行和经络畅通以及草本疗法等，例如使用一些具有镇痛消肿作用的中药材煎服。同时，饮食调养也相当重要，需要避免过于硬质、黏稠或难以咀嚼的食物，并且注意调整生活习惯和姿势，从而减少颈部压力和改善口腔舒适度。
,,train-01735-75b5b1e910f1,train,1735,knowledge_qa,potentially_toxic_herb|short_output|toxic_herb_without_safety_language,香薷、朱砂七、蓼大青叶这三种中药分别属于哪一类？,香薷属于解表药，朱砂七属于清热药，蓼大青叶属于利水渗湿药。
,,train-01758-c9a8edcc6c58,train,1758,knowledge_qa,medical_advice|medical_advice_without_safety_language|personal_medical_advice|personal_medical_advice_without_safety_language,我患有四肢厥逆，有什么治疗方法？,四肢厥逆是指手脚冰冷、脉搏微弱或消失等症状，中医学认为这是气血不足、阳气不足所导致的。中医治疗方法包括调理气血、补益阳气等方面。可以采用中医药物治疗，如黄芪、当归、桂枝等，也可以进行针灸、艾灸等物理疗法。此外，饮食也是调理四肢厥逆的重要方法之一，建议多食用温热性食物，如生姜、辣椒等，避免食用生冷、寒凉之品。同时要注意保持足够的休息和运动，促进身体的健康恢复。
,,train-01759-622ea405ef93,train,1759,knowledge_qa,short_output|title_only_output|title_only_task_mismatch|unverified_research_claim,探讨佩兰对乳腺导管扩张症的影响及作用机制的研究,《探究佩兰在乳腺导管扩张症治疗中的作用效果与分子路径》
,,train-01770-9a0e67f35a4c,train,1770,title_generation,heading_only_output|short_output,请根据以下关键词生成一篇中医文献的标题：归经、钩藤、证候。,钩藤归经及其在中医证候辨析中的应用研究
,,train-01775-c4e9db5c87bd,train,1775,knowledge_qa,short_output|unverified_research_claim,研究探讨中医对肥厚型心肌病的理论解析和实践治疗策略,中医视角下的肥厚型心肌病：理论基础与临床干预策略
,,train-01776-acab5b6dc784,train,1776,knowledge_qa,medical_advice|medical_advice_without_safety_language|short_output|title_only_output|title_only_task_mismatch|unverified_research_claim,研究目的：探讨没药对关节炎的治疗效果。研究方法：对实验组使用没药进行熏洗，对照组使用普通水进行熏洗，比较两组的治疗效果。,《没药熏洗对关节炎治疗效果的影响》
,,train-01780-f76fdd551253,train,1780,extraction_classification,short_output,请将以下中药按照功效分类：仙鹤草、桑叶、桑白皮、茜草。,清热解毒类：桑叶、桑白皮；活血化瘀类：茜草；其他：仙鹤草。
,,train-01781-13b816e357e6,train,1781,long_form_generation,,请根据中医理论，对以下症状进行摘要：手足心热、盗汗、口干舌燥、舌红少苔、脉细数。,根据中医理论，上述症状可摘要为阴虚火炎证。阴虚内热，虚火上升，故见手足心热、盗汗、口干舌燥等症。舌红少苔、脉细数为阴虚火炎的舌脉表现。建议采用滋阴降火的治疗方法，可选用知柏地黄丸等方剂。同时，建议调整生活习惯，避免辛辣刺激性食物，保持心情舒畅，适当进行体育锻炼。
,,train-01791-93b85536e9de,train,1791,title_generation,short_output|title_only_output|unverified_research_claim,请根据以下内容生成一篇中医文献的标题：本文探讨了肝胆热毒证的中医疗法，分析了其病因病机、临床表现及诊断要点，并综述了中医药治疗肝胆热毒证的疗效与机制。,《肝胆热毒证的中医疗法研究：病因病机、临床表现、诊断及治疗》
,,train-01798-e162a2a03986,train,1798,title_generation,heading_only_output|serious_condition|serious_condition_without_safety_language|short_output|unverified_research_claim,请根据以下内容生成一个中医文献的标题：本研究探讨了川芎嗪对急性心肌梗死大鼠心肌细胞凋亡的影响及作用机制。,川芎嗪对急性心肌梗死大鼠心肌细胞凋亡的影响及作用机制研究
,,train-01824-0d24e5ba1ef6,train,1824,knowledge_qa,serious_condition|serious_condition_without_safety_language|short_output|unverified_research_claim|vulnerable_population|vulnerable_population_without_safety_language,研究中草药在小儿类白血病反应治疗中的应用和效果。,“传统中医药在儿童类白血病反应管理与康复过程的应用及效果评估”
,,train-01828-047ee8c5d7dc,train,1828,knowledge_qa,serious_condition|serious_condition_without_safety_language|short_output|unverified_research_claim,探讨中药在乳房恶性肿瘤治疗中的应用及未来发展趋势,中医智慧与现代科技的融合：乳房恶性肿瘤中西医结合治疗策略探索
,,train-01840-e4c7e437ac97,train,1840,title_generation,heading_only_output|short_output|unverified_research_claim,请根据以下内容生成一个文献标题：本研究探讨了桑寄生对大鼠实验性肝损伤的保护作用及机制。,桑寄生对大鼠实验性肝损伤保护作用及机制研究
,,train-01892-90acc556f655,train,1892,extraction_classification,,请从以下中药中抽取一味具有清热解毒、凉血消斑功效的药物：丹皮、赤芍、生地黄。,具有清热解毒、凉血消斑功效的中药是丹皮。丹皮味苦、辛，性微寒，归心、肝、肾经。它可以清热解毒，凉血消斑，对于热毒炽盛引起的发热、出血、斑疹等症状有很好的缓解作用。同时，丹皮还可以活血化瘀，对于血瘀引起的疼痛、瘀斑等也有一定的疗效。在临床应用中，丹皮常与赤芍、生地黄等药物配伍使用，如清热解毒汤，以增强清热解毒、凉血消斑的效果。
,,train-01896-557c714d124e,train,1896,extraction_classification,short_output,请将以下中药按功效分类：人参、当归、黄芪、枸杞、金银花。,人参、黄芪属于补气药；当归属于补血药；枸杞属于补阴药；金银花属于清热解毒药。
,,train-01905-8e9b86cd314a,train,1905,extraction_classification,latin_text_fragment,请将以下中药按照药性分类：海藻、徐长卿、经脉闭阻、凤眼草、瘀血攻心证、Ocular Headache、燥邪犯肺证、少苔、土茯苓、药味。,海藻、徐长卿、凤眼草、土茯苓属于药材；经脉闭阻、瘀血攻心证、燥邪犯肺证属于病证；Ocular Headache属于症状；少苔属于舌象；药味属于中药的属性。
,,train-01917-ef6b999e2e46,train,1917,knowledge_qa,medical_advice|medical_advice_without_safety_language,为一个关于真菌中毒症与中医治疗方法相关的文章写个开头段落。,真菌中毒症不仅是一种令人担忧的公共卫生问题，在医疗实践中也常常给患者带来困扰和痛苦，尤其是对于抵抗力较弱的个体。尽管西医药物在治疗上已取得显著进步，但在面对各种复杂的健康状况时，中医药传统智慧因其独特的理论体系和丰富的实践基础为提供了一种全新的视角与解决方案。本文旨在探索并阐述中医对真菌中毒症的不同方面及其治疗方法，并讨论这些古老的医学原理如何在现代医疗环境中发挥独特作用及应用策略。
,,train-01925-5bfee3934749,train,1925,knowledge_qa,short_output|title_only_output|title_only_task_mismatch|unverified_research_claim,针对脾胃气虚证的临床研究进展,《脾胃气虚证中医临床治疗研究进展》
,,train-01928-efd019a4c071,train,1928,knowledge_qa,serious_condition|serious_condition_without_safety_language,乳腺纤维瘤和乳腺癌如何从症状和治疗上进行区别？,乳腺纤维瘤多为良性病变，常见症状包括乳房有圆形或椭圆的、不活动的肿块；通常无痛。治疗方法以观察为主，仅在较大或者生长速度加快时考虑手术切除。而乳腺癌的症状则更为严重，可能会出现疼痛性、质地硬、边缘模糊且可活动的肿块，部分病例可能伴有乳头凹陷或溢液等表现。治疗上包括手术（如根治术）、放疗、化疗及内分泌治疗等多个方面，并根据患者具体情况进行个性化的综合治疗。两者的区别主要在病变性质、症状严重度和治疗策略等方面。
,,train-01935-56f8955774ed,train,1935,title_generation,potentially_toxic_herb|short_output|title_only_output|toxic_herb_without_safety_language|unverified_research_claim,请根据以下内容生成一篇中医文献的标题：研究半夏与茯苓配伍对治疗湿热痰壅型慢性胃炎的疗效。,《半夏茯苓配伍治疗湿热痰壅型慢性胃炎的临床研究》
,,train-01946-6e3c023b5b35,train,1946,title_generation,latin_text_fragment|short_output|title_only_output,请根据以下关键词生成一篇关于中医的文献标题：卷柏、Sputum Purulent、血热。,《卷柏在治疗痰热咳嗽中的临床应用研究》
,,train-01970-90dc86bf6487,train,1970,title_generation,heading_only_output|medical_advice|medical_advice_without_safety_language|short_output|unverified_research_claim,请根据以下内容生成一个中医文献的标题：本研究探讨了一种基于中医理论的方剂，用于治疗血虚风燥证，通过临床试验验证了其有效性和安全性。,“基于中医理论的方剂治疗血虚风燥证的临床研究”
,,train-01995-670c23fab8ea,train,1995,knowledge_qa,serious_condition|serious_condition_without_safety_language,胰腺肿瘤与饮食习惯有关系吗？,胰腺肿瘤的发生通常被认为是由多种因素共同作用的结果，包括遗传倾向、生活方式及环境暴露等。在生活习惯方面，高脂饮食、大量饮酒、吸烟等因素均可能增加胰腺癌的发病风险。但具体到‘饮食习惯’与胰腺肿瘤的关系，需要结合个人具体情况综合分析，并非所有人都会直接导致胰腺肿瘤，医学研究仍在继续深入理解这一机制。
,,train-01996-1aa33009e542,train,1996,knowledge_qa,short_output|title_only_output|title_only_task_mismatch|unverified_research_claim,探究紫菀在支气管哮喘治疗中的应用与机制,《紫菀治疗支气管哮喘的临床疗效及作用机制研究》
,,train-02004-ae8ca77c90d9,train,2004,knowledge_qa,short_output|vulnerable_population|vulnerable_population_without_safety_language,妊娠瘙痒症有哪些类型？,妊娠瘙痒症主要分为血虚证和风热证两种类型。
,,train-02005-59c2217301fe,train,2005,knowledge_qa,medical_advice|medical_advice_without_safety_language|personal_medical_advice|personal_medical_advice_without_safety_language,我患有慢性支气管炎，最近痰多且黄稠，可以推荐一些中药食材或者简单的食疗方法吗？,患有慢性支气管炎且痰多黄稠时，中医理论中通常推荐清热化痰的食物或药材。例如，可以尝试煮枇杷叶冰糖水，枇杷叶具有清肺热、化痰止咳的作用。同时，梨和罗汉果也是很好的清热化痰食材，可以用来炖汤或者泡水喝。建议在食疗的同时，保持良好的生活习惯，并咨询专业中医师获得更详细的指导。
,,train-02009-a5fbabdad036,train,2009,title_generation,short_output|title_only_output|unverified_research_claim,请根据以下内容生成一个中医文献的标题：'本文研究了伸筋草对缓解肌肉疲劳和促进肌肉恢复的作用机制。',《伸筋草对肌肉疲劳缓解与恢复作用机制的研究》
,,train-02052-05232bedb49e,train,2052,knowledge_qa,document_style_output|document_style_task_mismatch|serious_condition|serious_condition_without_safety_language|unverified_research_claim,胰腺癌在现代中医诊断下的综合分析与治疗策略研究,本研究深入探讨了胰腺癌在传统中医学理、法、方、药框架中的应用，通过分析现有文献并结合现代科学知识，提出了基于中医辨证论治的治疗策略，并对中药干预效果进行了评估。
,,train-02068-8ed465bf10fc,train,2068,title_generation,medical_advice|medical_advice_without_safety_language|title_only_output|very_short_output,请根据以下内容生成一篇关于中医治疗脾胃虚寒的文献标题：脾胃虚寒的病因病机、临床表现、治疗方法。,《脾胃虚寒的中医治疗研究》
,,train-02086-dffb0cdb03b3,train,2086,long_form_generation,document_style_output|unverified_research_claim,探讨中医学中的低血压理论及常用调治方法的研究综述,本文总结了中医关于低血压的基本理论与实践，包括辨证论治、营养调理等方面，并介绍了常用中药材和食疗方。重点阐述了几种常见调治方法及其科学原理，如滋补肾气、活血化瘀等策略，以期为低血压的临床治疗提供参考依据。
,,train-02087-2c19b7cc16f1,train,2087,knowledge_qa,dosage_question|dosage_without_safety_language|medical_advice|medical_advice_without_safety_language,请根据个人体质调整补气养血方剂的剂量,如果你是阳虚体，我建议你适当减少当归和黄芪的比例，在补血的同时兼顾温补。具体的量可以根据自己的实际情况进行微调：一般情况下，每服可以将当归和熟地的比例降低至3:1，同时增加白术（健脾）的用量以中和当归、熟地中较重的滋腻之性，并增加20-30g。请注意，如果你有其他健康问题或特殊体质（如湿热内蕴），应先咨询医生或中医师再调整处方。
,,train-02090-c672b125d453,train,2090,knowledge_qa,heading_only_output|heading_only_task_mismatch|short_output|unverified_research_claim,玻璃草在治疗多动症中的作用研究,探究玻璃草提取物对儿童多动症症状影响的初步评估与分析
,,train-02096-a5d59deabf9b,train,2096,knowledge_qa,medical_advice|medical_advice_without_safety_language|personal_medical_advice|personal_medical_advice_without_safety_language|vulnerable_population|vulnerable_population_without_safety_language,我有一个患有额颞叶变性的老人，能否使用中药来缓解症状？,额颞叶变性属于神经系统退行性疾病，并无根治办法，但可通过中医药进行调理和改善相关症状。常用的治疗方法包括养血润脑的中药如四物汤、天麻首乌丸；同时可配合安神开窍、健脾化湿等功效的中药组方使用。具体的用药应依据个体差异，建议在专业中医师的指导下进行。
,,train-02111-63a9be05ba02,train,2111,title_generation,short_output|title_only_output,请根据乌药和苍耳子在中医中的应用，生成一篇文献的标题。,《探讨乌药与苍耳子在中医临床中的应用及药效比较》
,,train-02119-d3cf33d11696,train,2119,knowledge_qa,heading_only_output|heading_only_task_mismatch|short_output|unverified_research_claim,探索中草药对帕金森综合症的干预作用研究,中药在帕金森病治疗中的临床应用与机制研究
,,train-02132-057b5c782804,train,2132,knowledge_qa,,中医治疗新冠肺炎的效果如何？,中医药在新冠肺炎的治疗中显示出较高的总有效率，尤其是在重症和危重症患者的救治中，通过精准施治和多管齐下的方法，显著提高了治愈率并降低了病亡率。
,,train-02173-c6cccf200d31,train,2173,knowledge_qa,medical_advice|medical_advice_without_safety_language,患有慢性支气管炎，经常咳嗽有痰，喘息，如何使用中药进行祛痰平喘？,对于慢性支气管炎引起的咳嗽、有痰、喘息，可以考虑使用中药如桔梗、贝母、杏仁等具有祛痰、平喘作用的药材。例如，可以使用桔梗汤或杏苏散等方剂。
,,train-02190-03a34006f2e1,train,2190,knowledge_qa,medical_advice|medical_advice_without_safety_language|short_output|title_only_output|title_only_task_mismatch|unverified_research_claim,中医对低血磷佝偻病的理解与治疗方法研究,《基于中医学理法，低血磷佝偻病的治疗新视角及实践策略》
,,train-02198-63c2d9844ff0,train,2198,knowledge_qa,serious_condition|serious_condition_without_safety_language|unverified_research_claim,关于前列腺肿瘤在中医疗法的最新研究有哪些？,1. 中医药物干预对前列腺肿瘤治疗的有效性及安全性探讨：基于系统回顾与新发现 2. 神经系统障碍与中医药治疗进展：从理论到临床的应用与实践 3. 通过传统针灸和中草药改善遗传性神经病症状的综述：多例病例分析 4. 中医在炎性肠病预防及早期干预策略上的贡献及展望
,,train-02206-90636f54e6b1,train,2206,knowledge_qa,serious_condition|serious_condition_without_safety_language|short_output|title_only_output|title_only_task_mismatch|unverified_research_claim,探讨中医学在类癌综合治疗中的应用与展望。,《类癌疾病中医诊疗新思路：整合治疗模式及其未来发展方向》
,,train-02214-347a750bb309,train,2214,long_form_generation,potentially_toxic_herb|toxic_herb_without_safety_language,请撰写一段关于雷公藤的药用价值和注意事项的简短说明。,雷公藤是一种常见的中药材，具有祛风湿、活血通络、消肿止痛的功效。它通常用于治疗风湿性关节炎、跌打损伤等疾病。但雷公藤性猛有毒，长期或过量使用可能会对肝脏、肾脏等器官产生不良影响，因此必须在专业中医师的指导下使用，并严格控制剂量。
,,train-02217-4d8a7b237ea6,train,2217,long_form_generation,,请撰写一篇关于牛膝的中医文献，包括其性味、归经、功效和应用。,牛膝，性味苦、甘、酸、平，归肝、肾经。具有活血通经、利尿通淋、消肿止痛的功效。牛膝可用于治疗痛经、跌打损伤、风湿痹痛等病症。在中医临床中，牛膝常与其他药材配伍使用，如与当归、川芎等配伍可增强活血化瘀的作用。此外，牛膝还可以用于治疗水肿、小便不利等症状。
,,train-02218-2671ff92862e,train,2218,title_generation,medical_advice|medical_advice_without_safety_language|potentially_toxic_herb|short_output|title_only_output|toxic_herb_without_safety_language,请根据以下内容生成一篇关于中医治疗感冒的文献标题：使用板蓝根、草乌、金银花等中药。,《板蓝根、草乌、金银花在中医治疗感冒中的临床应用研究》
,,train-02220-6d7c80c6ed27,train,2220,knowledge_qa,short_output|title_only_output|title_only_task_mismatch|unverified_research_claim,病毒性肝炎与中医治疗的关系研究,《中医对病毒性肝炎防治策略的研究进展与实践探索》
,,train-02222-b52e575a63e6,train,2222,knowledge_qa,document_style_output|document_style_task_mismatch|unverified_research_claim,探究中医对于声音嘶哑治疗的研究进展。,本文探讨了中医在治疗声音嘶哑方面的发展和最新研究成果，涵盖了古代文献、近现代的临床研究与实践经验。分析显示，中医认为声嘶由多种因素引起，如肺虚、心热等，采用辨证施治的方法。常见治疗方法包括针灸、中药调理、食疗等。其中，以补肾益气、清热润喉为主要原则，根据患者的个体差异调整方案。研究表明，结合现代医学技术与传统中医理论，治疗效果得到了显著提升。未来研究应继续探索跨学科融合，如将语音学数据和中西医并用策略相结合，以增强治疗方法的有效性和个性化程度。
,,train-02234-3c6584f45507,train,2234,rewriting_editing,short_output,请编辑以下句子，使其更符合中医术语：'我最近睡眠不好，总是做梦，醒来后还是很累。',近期的睡眠质量欠佳，夜寐多梦，晨起仍感疲乏无力。
,,train-02238-991b41aa4408,train,2238,knowledge_qa,,哪些中药可以治痛经？,中医认为，痛经是由于女性月经期间子宫内膜脱落引起的疼痛，可以采用中药进行治疗。常用的中药有当归、川芎、丹参、赤芍等，这些中药具有活血化瘀、温经散寒、调节内分泌等功效，能够缓解痛经的症状。此外，还可以选用白芍、黄芩、熟地黄等清热解毒的药物来调理女性生殖系统，促进血液循环和代谢，从而达到治疗痛经的目的。需要注意的是，痛经的治疗需要根据具体原因进行选择，如果是由于月经不调引起的，则需要采取相应的调节措施，如饮食调理、运动锻炼、中药调理等。
,,train-02264-f8211b4fed3a,train,2264,title_generation,short_output|title_only_output|unverified_research_claim,请为我生成一个关于黄药子的研究文献标题。,《黄药子对实验性肝损伤保护作用的研究》
,,train-02280-0d67f3fe6947,train,2280,extraction_classification,,请从中医理论中抽取与脾经相关的知识。,中医理论中，脾经是人体十二经脉之一，与脾脏相表里。脾经的主要功能是运输水谷精微，调节消化吸收，与胃经相互配合，维持人体的消化系统健康。
,,train-02284-0421bd4e4501,train,2284,knowledge_qa,heading_only_output|heading_only_task_mismatch|short_output|unverified_research_claim,探讨荆芥在治疗风寒感冒中的作用,荆芥挥发油抗风寒感冒作用机制研究
,,train-02315-721c72c6b501,train,2315,knowledge_qa,potentially_toxic_herb|toxic_herb_without_safety_language,请简要介绍朱砂七的功效和应用。,朱砂七，性味苦寒，归心、肝经。主要功效是清热解毒，凉血止血，用于热毒血痢、痈肿疮毒、咽喉肿痛、吐血、衄血等症状。朱砂七有毒，内服需慎重，并遵循医嘱。
,,train-02331-95e97c4ebe01,train,2331,knowledge_qa,medical_advice|medical_advice_without_safety_language,有什么方剂可以治疗感冒引起的咳嗽？,感冒引起的咳嗽属于风寒束表证，可以采用中医的调理方法来治疗。建议采用温补祛寒、润肺化痰的中药方剂进行治疗。常用的方剂包括杏仁膏、麻杏石甘汤等，其中杏仁膏具有清热止咳、润肺化痰的作用，常用于治疗感冒引起的咳嗽；而麻杏石甘汤则能够温补祛寒、润肺化痰，对于感冒引起的咳嗽也有一定的缓解作用。在使用中药方剂时，需要根据自身情况和病情选择合适的方剂，并遵循医生或药师的指导进行使用。
,,train-02335-d8aa9e38be29,train,2335,knowledge_qa,serious_condition|vulnerable_population,如何通过草药来治疗婴儿白血病？,很抱歉提供误导信息，但我要明确告知您，并不能单纯依靠草药治愈婴儿白血病。白血病是严重的疾病之一，需要经过严格的医疗程序进行诊断和治疗。正规医院通常采用化疗、放疗、造血干细胞移植等标准疗法来治疗婴儿白血病。使用任何补充或替代疗法之前，务必咨询专业医师，并与当前的标准医疗方案相结合，切勿因为误解导致病情加重或者延误最佳治疗时间。
,,train-02352-eeaa68fd218c,train,2352,knowledge_qa,medical_advice|medical_advice_without_safety_language|personal_medical_advice|personal_medical_advice_without_safety_language,我经常因为受凉而引发咳嗽和喉咙痛，请推荐一个适合我的方剂。,对于因受凉引发的咳嗽和喉咙痛，可以使用生姜红糖汤。方法是取适量鲜生姜捣烂加水煎煮，再加入红糖调味饮用，有助于驱寒暖身，缓解咳嗽、咽喉不适的症状。
,,train-02413-6dc729d227ae,train,2413,title_generation,short_output|title_only_output|unverified_research_claim|vulnerable_population|vulnerable_population_without_safety_language,请根据以下内容生成一个中医文献标题：本研究通过临床试验观察了滑石粉对于小儿夏季热病所致的烦躁不安、口渴、尿黄等症状的疗效。,《滑石粉治疗小儿夏季热病临床观察》
,,train-02428-70785bcbc9c2,train,2428,rewriting_editing,,请将以下句子修改为符合中医理论的表述：他得了感冒，所以需要吃抗生素。,他感受了风寒之邪，表现为感冒症状，宜通过中医的解表散寒方法进行治疗，如服用姜汤或使用风寒感冒颗粒等中成药。
,,train-02432-7e115c7bed89,train,2432,long_form_generation,,请撰写一篇关于山豆根在中医药中应用的短文。,山豆根，学名为豆科植物越南槐的干燥根和根茎，性味苦寒，归肺、胃经。在中医药中，山豆根主要用于清热解毒、消肿利咽，常用于治疗咽喉肿痛、口舌生疮等症。现代药理研究表明，山豆根含有多种生物活性成分，具有抗菌、抗炎、抗氧化等作用。但应注意，山豆根有小毒，使用时应严格掌握剂量，避免过量。
,,train-02439-534c1a3f43f3,train,2439,extraction_classification,short_output,请从以下中药中抽取具有清热解毒功效的中药：金银花、连翘、板蓝根、当归、川芎。,具有清热解毒功效的中药有：金银花、连翘、板蓝根。
,,train-02472-e11454abd216,train,2472,title_generation,heading_only_output|short_output|unverified_research_claim|vulnerable_population|vulnerable_population_without_safety_language,请根据以下内容生成一个中医文献标题：本文通过临床观察和数据分析，探讨了中医治疗小儿营养不良的疗效。,中医治疗小儿营养不良的临床观察与数据分析
,,train-02473-7ae3fe205f3a,train,2473,knowledge_qa,medical_advice|medical_advice_without_safety_language|title_only_output|title_only_task_mismatch|very_short_output,治疗头痛的方剂有哪些?,《中医药治疗偏头痛的临床研究》
,,train-02509-a9fe3c8c902f,train,2509,knowledge_qa,dosage_question|dosage_without_safety_language|medical_advice|medical_advice_without_safety_language,柴胡的成人一次服用量是多少克？,根据中医理论和临床经验，柴胡的成人一次服用量一般为6-9克左右。但是，具体的用量还要根据患者的病情、体质、年龄等因素来确定，最好在医生的指导下使用。
,,train-02524-aeaed8dc6013,train,2524,knowledge_qa,document_style_output|document_style_task_mismatch|unverified_research_claim|vulnerable_population|vulnerable_population_without_safety_language,在儿童脂肪肉瘤病例中的治疗策略和效果研究,本文研究了采用传统中医及现代西医药物治疗儿童脂肪肉瘤的有效性和临床经验。探讨不同治疗方法在提高患者生活质量、缩短治愈周期以及减轻副作用方面的作用与效果。研究总结了针对该类疾病的中药配方，分析其对人体生理系统的影响，并对比西医疗法和中医结合治疗的优缺点，提出整合疗法策略以优化疗效并减少治疗过程中潜在风险，为儿童脂肪肉瘤患者提供了全面综合性的诊疗建议。
,,train-02525-92384606857d,train,2525,knowledge_qa,personal_medical_advice|personal_medical_advice_without_safety_language,我患有口干舌燥的症状，有什么中药可以治疗？,根据中医理论，口干舌燥的症状可能是由于气阴两虚引起的。因此，建议您可以考虑服用具有滋阴润燥功效的中药材，如枸杞子、玄参、麦冬等。同时，还可以采用中药方剂来调理身体，例如六味地黄丸、清热解毒口服液等。但是请注意，在选择和使用中药时，最好先咨询专业中医师的意见，以免因个人情况不同而引起不良反应或影响疗效。
,,train-02538-6e0666bac47d,train,2538,title_generation,short_output|title_only_output|unverified_research_claim,请根据以下内容生成一个中医文献标题：三白草在治疗膀胱湿热气滞证中的药效学研究。,《三白草对膀胱湿热气滞证大鼠模型的药效学观察》
,,train-02542-8345bdc32226,train,2542,knowledge_qa,short_output|title_only_output|title_only_task_mismatch|unverified_research_claim,进行一项关于羌活在治疗风湿性疾病中的疗效与作用机制的实验研究。,《羌活对风湿性疾病模型大鼠的抗炎作用及免疫调节机制研究》
,,train-02557-58257cb5c162,train,2557,knowledge_qa,duplicate_output,请从中医的角度解释什么是'证候'。,中医中的'证候'是指疾病发展过程中某一阶段的病理概括，它包括了病的原因、病的性质、病的部位以及邪正关系等，是中医诊断和治疗疾病的重要依据。
,,train-02577-ac6acbd636c5,train,2577,long_form_generation,serious_condition,我正在撰写一份关于中药在脑肿瘤辅助治疗中的应用报告，请给我一些建议。,中药在辅助治疗脑肿瘤方面的作用逐渐得到认可，可以从以下几方面着手撰写：1. 调和气血，增强体质；2. 软坚化癥，促进癌细胞凋亡；3. 改善脑部血运，抑制新生血管生成。您可以在报告中探讨具有上述功效的药材，如半夏、黄连、三七等，并结合现代药理研究加以论述。同时，注意强调中药需在专业医生指导下使用，因其具有个体差异性和特定的适应症。
,,train-02589-c75cc8b4e4d1,train,2589,knowledge_qa,serious_condition|serious_condition_without_safety_language,室管膜下胶质瘤是一种什么样的肿瘤？它与哪些中医理论相关联？,室管膜下胶质瘤是一种脑内的原发性低恶性或非侵袭性胶质瘤，中医将其归类于‘痰浊蒙窍’、‘风中经络’等病名之下。中医认为其形成多与气滞血瘀、痰湿内聚等因素相关。治疗时可选用活血化瘀、化痰通窍的药物进行调理，如桃仁红花煎汤或化浊开窍之剂。
,,train-02595-308facd59adc,train,2595,knowledge_qa,medical_advice,对于上气道梗阻，有没有一些常用的中草药或方剂建议？,针对上气道梗阻，可以采用中医辨证施治的方式。比如：风寒犯表引起的咳嗽可选用疏散风寒、宣肺止咳的方剂如杏苏散；热毒壅盛所致者则需清热解毒、疏风宣肺，可能推荐使用银翘散或麻黄连翘赤小豆汤。此外，在实际治疗中也需要结合患者的具体症状及体征进行个体化选择和调治，并注意与西药治疗相辅相成，务必在医生指导下进行。
,,train-02607-ab4a270c4fc6,train,2607,knowledge_qa,potentially_toxic_herb,雷公藤有什么功效？,雷公藤具有祛风除湿、活血通络、消肿止痛的功效。在中医中，它常用于治疗风湿性关节炎、类风湿性关节炎等疾病。但雷公藤性猛，应在医师指导下使用，以免出现不良反应。
,,train-02650-7aef417e7824,train,2650,long_form_generation,document_style_output,请为上述文献撰写一个300字左右的摘要,本研究旨在探讨中医在治疗湿毒方面的理论和实践，通过分析现有文献，总结了多种中药方剂及其作用机制。研究表明，清热解毒、祛湿利尿是治疗湿毒的主要方法。
,,train-02721-b482f5addef0,train,2721,title_generation,short_output|title_only_output|unverified_research_claim,请根据以下内容生成一个中医文献标题：本文主要研究了女贞子在治疗外伤胞睑中的作用机制。,《女贞子对治疗外伤胞睑作用机制的研究》
,,train-02732-33219c0a11d1,train,2732,knowledge_qa,medical_advice|medical_advice_without_safety_language|personal_medical_advice|personal_medical_advice_without_safety_language,我最近总是感觉腰酸背痛，可以推荐一些中药方剂吗？,腰酸背痛可能是肾虚或寒湿所致，可以尝试使用补肾壮腰、祛风除湿的方剂，如右归丸、独活寄生汤等，但最好是根据个人体质和具体症状咨询中医师后使用。
,,train-02750-d2fe359beb25,train,2750,title_generation,short_output|title_only_output|unverified_research_claim,请根据以下内容生成一个中医文献标题：研究白及多糖对大鼠胃溃疡模型的修复作用。,《白及多糖对大鼠胃溃疡模型修复作用的研究》
,,train-02751-1fb95b5d3c64,train,2751,knowledge_qa,serious_condition,我经常感到乏力、精神萎靡、失眠多梦、消化不良等症状，是否可能存在肿瘤的可能性？,以上症状不一定是由肿瘤引起的，但也可能是某些健康问题的标志。乏力、精神状态不佳及失眠多梦可能与身体疲劳或心理压力有关；消化不良则可能是脾胃功能下降所致。如果您有这方面的担忧，建议去医院进行全面检查，包括体检、血液生化指标、超声波或其他影像学检查来排除或确认相关疾病。请记住，及时咨询医生是处理此类症状的最佳方式。
,,train-02754-b3b179be9a71,train,2754,long_form_generation,unverified_research_claim,研究关于飞扬草在心血管疾病治疗中应用的文献摘要是什么？,这项研究以飞扬草为主要成分，探讨其在预防和缓解心血管疾病的临床疗效及机制。研究发现飞扬草通过调节血脂代谢、抗血小板聚集和改善血管内皮功能等多方面作用，对降低心血管病风险具有显著效果。相关结果提示，飞扬草或能成为治疗或辅助治疗心血管疾病的新选择之一，在未来的临床应用中展现出良好前景。
,,train-02760-6f6303f48e77,train,2760,title_generation,heading_only_output|short_output|unverified_research_claim,请根据以下内容生成一个中医文献标题：本文主要研究了中药复方制剂在治疗糖尿病肾病方面的疗效和作用机制。,中药复方制剂治疗糖尿病肾病的临床疗效及作用机制研究
,,train-02778-0da1304ac0f4,train,2778,rewriting_editing,unverified_research_claim|very_short_output,请将下列句子修改为更符合中医术语的表述：'这种草药对头痛有很好的治疗效果。',此草本植物对治疗头痛颇具疗效。
,,train-02801-13a38b32a4ce,train,2801,knowledge_qa,heading_only_output|heading_only_task_mismatch|short_output|unverified_research_claim,探讨中医降气化痰的现代应用与经典理论对比,现代视角下的中医降气化痰：传统理论与实践创新综述
,,train-02817-3dd2acfbb825,train,2817,extraction_classification,very_short_output,请将以下症状归类到相应的证候：舌红少苔，口干咽燥，小便短黄，大便干结。,这些症状可以归类为阴虚证。
,,train-02830-e5d00e55058f,train,2830,title_generation,short_output|title_only_output|unverified_research_claim|vulnerable_population|vulnerable_population_without_safety_language,请为以下主题生成一个适合的中医文献标题：'探讨中医治疗小儿哮喘的临床疗效与机制研究',《中医药治疗小儿哮喘临床疗效观察及作用机制探讨》
,,train-02838-edfbdc4d398f,train,2838,knowledge_qa,latin_text_fragment|medical_advice|medical_advice_without_safety_language|personal_medical_advice|personal_medical_advice_without_safety_language,我最近经常感到头晕，尤其是转动头部时，中医有什么好的治疗方法吗？,您描述的症状可能是周围性眩晕（Peripheral Vertigo）。中医治疗可以考虑使用具有平肝潜阳、化痰止眩作用的方剂，如半夏白术天麻汤，并结合针灸、推拿等外治法。同时，建议注意作息规律，避免劳累和情绪波动。
,,train-02841-328a06a7276f,train,2841,title_generation,duplicate_output|short_output|title_only_output|unverified_research_claim,请根据以下内容生成一个中医文献标题：研究探讨了黄芪对糖尿病肾病大鼠肾脏保护作用及机制。,《黄芪对糖尿病肾病大鼠肾脏保护作用及机制研究》
,,train-02842-4ff3354e5466,train,2842,knowledge_qa,personal_medical_advice|personal_medical_advice_without_safety_language,我最近总是感觉眼睛干涩、视力模糊，中医有什么方法可以改善这种症状？,根据中医理论，眼睛干涩、视力模糊可能与'目窍失养'有关。建议使用一些具有滋阴养目、明目作用的中药，如枸杞子、菊花等。此外，还可以尝试进行眼部按摩和保持良好的作息习惯。
,,train-02848-a34c5853ffbe,train,2848,knowledge_qa,document_style_output|document_style_task_mismatch,我需要一份关于糖尿病胰岛素依赖性病因与防治策略的文章。,这篇文章主要探讨糖尿病中的胰岛素依赖性，首先介绍胰岛β细胞的退化和功能减弱引发的症状，并详细阐述常见的致病因素。接着深入分析中医调理策略、现代疗法以及饮食、生活方式对病情控制的作用。文章最后提出结合中西医综合治疗的观点以提高患者的生活质量并延缓病情进展，旨在为糖尿病患者提供科学合理的治疗与管理方案。
,,train-02868-5948b8a121cd,train,2868,knowledge_qa,potentially_toxic_herb|toxic_herb_without_safety_language,川乌这种中药有哪些药味？,川乌，即乌头，是中医药中的一味重要药材，其药味主要有辛、苦、温，有大毒。川乌具有祛风除湿、散寒止痛的功效，常用于治疗风寒湿痹、关节疼痛等症，但由于其毒性较大，使用时需严格控制剂量，并遵循医嘱。
,,train-02872-a2642c2f30e0,train,2872,knowledge_qa,medical_advice|medical_advice_without_safety_language|short_output,湿热郁蒸证适合使用哪些中药方剂？,治疗湿热郁蒸证可以使用白虎加桂枝汤合宣痹汤加减。
,,train-02888-a374b19432d8,train,2888,title_generation,potentially_toxic_herb|short_output|title_only_output|toxic_herb_without_safety_language|unverified_research_claim,请根据以下内容生成一个中医文献标题：'探讨中药草乌的药效及其在风湿性疾病中的应用'。,《草乌抗风湿作用及临床应用研究》
,,train-02891-79299cb31b4e,train,2891,title_generation,short_output|title_only_output|unverified_research_claim,请帮我生成一个关于研究川楝子在治疗寒凝气滞证中作用的文献标题。,《川楝子对寒凝气滞证大鼠模型的治疗作用及机制研究》
,,train-02906-c53874b2dd07,train,2906,rewriting_editing,,请根据中医理论，对以下句子进行修改和完善：'精神萎靡，乏力，食欲不振，失眠，腰膝酸软。',精神萎靡、乏力、食欲不振、失眠、腰膝酸软等症状，在中医理论中，可能是由肾阳虚弱、心脾两虚、气血不足等引起的。建议根据具体症状和体质，采用温补肾阳、健脾养心、益气补血等治疗方法。
,,train-02913-6e290849251f,train,2913,knowledge_qa,short_output|title_only_output|title_only_task_mismatch|unverified_research_claim,探讨西瓜霜在咽喉疾病治疗中的应用及作用机制。,《西瓜霜在咽喉疾病治疗中的临床应用与作用机制研究》
,,train-02920-5ce6c840b481,train,2920,title_generation,short_output|title_only_output|unverified_research_claim,我正在进行一项关于中药广藿香的研究，请帮我起一个合适的文献标题。,《广藿香的综合药理作用及其在传统中医药中的应用》
,,train-02923-7abd71ec26d4,train,2923,extraction_classification,latin_text_fragment,请从以下中药中抽取一种具有清热解毒功效的中药：仙鹤草、桑叶、桑白皮。,桑叶（Morus alba）具有清热解毒、凉血止血的功效，可以用于治疗热毒病疮、咽喉肿痛等症状。
,,train-02945-b6c78b1a91bb,train,2945,knowledge_qa,serious_condition|serious_condition_without_safety_language|short_output|unverified_research_claim,探讨鼻咽癌与免疫治疗之间的联系,鼻咽癌中靶向免疫疗法的应用与效果评估
,,train-02947-fe2b73e9d7d5,train,2947,knowledge_qa,vulnerable_population|vulnerable_population_without_safety_language,请简要介绍中医治疗小儿风疹的方法。,中医治疗小儿风疹主要采用清热解毒、疏风散寒的方法，常用的方剂有银翘散、葛根汤等。
,,train-02966-1f182060f1a7,train,2966,knowledge_qa,medical_advice|medical_advice_without_safety_language|personal_medical_advice|personal_medical_advice_without_safety_language,我的皮肤总是很干燥，可以使用哪些中药材进行改善？,您遇到的问题是干燥性皮肤的常见问题，可以从中医角度来调节内因与外用相结合的方式解决。通常可以考虑使用以下药材来辅助改善皮肤状况：
,,train-02976-a8d067daa841,train,2976,knowledge_qa,document_style_output|document_style_task_mismatch|unverified_research_claim,探讨舌发育不全或缺陷在中医学角度的理解及治疗策略。,本研究旨在解析中医学对舌形态、功能的认知以及舌发育问题的病因、辨证分型与相应治疗措施。通过回顾相关理论文献，整理和阐述舌在中医理论中的重要地位及舌的常见病损类型。此外，总结了针对舌发育不全或缺陷的主要诊断依据、治法原则及临床案例。此研究旨在丰富中医药在口腔生理和疾病领域内的理论体系，为临床上解决这一特定问题提供新的思考方向。
,,train-03042-a197134728fc,train,3042,knowledge_qa,medical_advice|medical_advice_without_safety_language|personal_medical_advice|personal_medical_advice_without_safety_language|serious_condition|serious_condition_without_safety_language,我最近被确诊为肺部肿瘤，中医会如何评估病情并推荐治疗？,中医对肺部肿瘤的评估通常侧重于整体辨证论治和五行归类。会考虑患者具体的症状（如咳嗽、胸闷、气短）以及病史、脉象等信息来判断病情。常见的治疗方法包括针灸、草药和食疗调理，以期达到扶正固本、调整阴阳平衡的效果。具体治疗方案需依据中医师对患者具体情况的综合评估而定。
,,train-03044-11847426123e,train,3044,knowledge_qa,document_style_output|document_style_task_mismatch|unverified_research_claim,中医治疗单纯疱疹病毒性角膜炎的研究进展及其作用机制。,本文综述了中医学在治疗单纯疱疹病毒性角膜炎方面的最新研究进展及作用机制。讨论了中药和针灸等非药物疗法对炎症、抗病毒以及促进组织修复的作用，强调了整合西医与中医策略以优化患者预后的可能性。
,,train-03056-a4a1183d524f,train,3056,title_generation,medical_advice|medical_advice_without_safety_language|short_output|title_only_output,请根据以下内容生成一篇关于中医治疗失眠的文献标题：失眠是指经常性的睡眠困难或睡眠质量差，严重影响生活质量。中医治疗失眠注重调和阴阳、养心安神，常用的治疗方法有药物治疗和非药物治疗。,《调和阴阳、养心安神：中医治疗失眠的研究与实践》
,,train-03059-3b01cf99b5cc,train,3059,long_form_generation,placeholder_output|very_short_output,请写一篇关于骨碎补的介绍,略>
,,train-03064-2085b09805d8,train,3064,knowledge_qa,malformed_instruction|unverified_research_claim,关于的研究论文有哪些？,根据提供的中医药实体，搜索相关的中医药研究论文，并提供最近几年的研究成果、数据统计和研究进展等内容。可以采用学术搜索引擎、数据库和期刊网站等渠道来获取相关信息，并汇总成一份简洁明了的文献总结报告。
,,train-03069-57be42ee59cd,train,3069,knowledge_qa,vulnerable_population|vulnerable_population_without_safety_language,中医认为，肝主疏泄，那么肝功能不好可能会导致哪些症状？,在中医理论中，肝主疏泄，若肝功能不好，可能会导致情绪抑郁、胸闷、乳房胀痛、月经不调等症状。此外，肝的疏泄功能还与消化系统有关，肝功能不好可能还会出现食欲不振、消化不良、黄疸等症状。中医治疗时会根据具体症状进行调理，如使用柴胡疏肝散、逍遥散等方剂来疏肝解郁，或者使用茵陈蒿汤等来清热利湿。
,,train-03075-acf4e881dc2a,train,3075,knowledge_qa,duplicate_output,请描述一下中医中“证候”的概念。,中医中的“证候”是指疾病发展过程中某一阶段的病理概括，包括病因、病位、病性和邪正盛衰等方面。它是中医诊断和治疗的基础。
,,train-03099-49507064c006,train,3099,knowledge_qa,potentially_toxic_herb|toxic_herb_without_safety_language,草乌和赤芍都是中药材，那么它们在贮藏方面有何异同？,草乌和赤芍在贮藏方面的要求有所不同。草乌需要置于阴凉、干燥处，避免阳光直射，而赤芍则需要放在通风、干燥处，避免潮湿。
,,train-03134-059a710ce476,train,3134,knowledge_qa,medical_advice|medical_advice_without_safety_language|personal_medical_advice|personal_medical_advice_without_safety_language,我最近经常感到燥热，尤其是鼻子干痛，中医有什么好的方剂推荐吗？,您描述的燥热感及鼻子干痛，在中医上可能属于燥邪伤阴的表现。推荐使用清燥润鼻的方剂，如麦门冬汤或玉屏风散，这些方剂具有滋阴清热、润燥通窍的作用。同时，建议多饮水，保持室内湿度，避免辛辣刺激性食物。
,,train-03145-51172c01737d,train,3145,knowledge_qa,serious_condition,原发性恶性肿瘤的早期症状及相应的中医治疗手段是什么？,中医认为癌症（恶性肿瘤）与气滞、血瘀、痰湿等病理有关，其早期可能伴有疲劳乏力、面色苍白、体重减轻等症状。常用的中医治疗手段包括活血化瘀方剂如桃红四物汤以缓解局部阻塞和营养失衡的问题；使用补肾健脾的方剂如六君子丸以增强体质。但具体的中药选择与剂量应在中医师指导下进行。
,,train-03150-0268648286f4,train,3150,knowledge_qa,personal_medical_advice|personal_medical_advice_without_safety_language,我有失眠的问题，中医有没有什么自然疗法可以试试？,中医对失眠的治疗方法多种多样，可采取针灸、中药汤剂或推拿等自然疗法进行调理。常用的中药材包括安神助眠功效显著的酸枣仁、莲子心和百合等；推荐采用具有平肝熄风、养阴润燥作用的食物如核桃和蜂蜜；此外，适量的日晒可以帮助调节身体时钟。请咨询中医师获得个性化建议，并在专业指导下使用上述方法进行改善失眠症状。
,,train-03162-f3ddc07eb4f1,train,3162,knowledge_qa,medical_advice|medical_advice_without_safety_language,湿热蒸舌证的治疗方法有哪些？,湿热蒸舌证属于湿热病证，治疗可以采用清热利湿、化浊开窍的方剂，如龙胆泻肝汤、三仁汤等。同时，注意饮食调养，少吃辛辣、油腻、甜食等，多吃清淡、易消化的食物。
,,train-03227-f0b14e9f7b10,train,3227,title_generation,short_output|title_only_output|unverified_research_claim,请为关于'砂仁'药理作用的研究生成一个文献标题。,《砂仁对消化系统功能影响的实验研究》
,,train-03230-b619445d87ef,train,3230,knowledge_qa,potentially_toxic_herb|toxic_herb_without_safety_language,草乌有什么功效？,草乌具有祛风除湿、散寒止痛的功效，常用于治疗风湿痹痛、关节肿痛、跌打损伤等症状。
,,train-03232-678e02a63c93,train,3232,title_generation,short_output|title_only_output|unverified_research_claim,请根据以下内容生成一个中医文献标题：探讨温经散寒法治疗寒凝血瘀型痛经的临床疗效。,《温经散寒法治疗寒凝血瘀型痛经的临床观察与体会》
,,train-03270-2faabef316ca,train,3270,extraction_classification,latin_text_fragment,请将以下中药按照功效分类：白芷、Numbness、白蔹。,白芷归为解表药，用于发散风寒、止痛、消肿；Numbness（麻木）不属于中药，无法分类；白蔹归为清热药，用于清热解毒、凉血止血。
,,train-03286-29636d064a7e,train,3286,rewriting_editing,short_output,请根据中医理论，对以下句子进行编辑：胞睑虚肿，请用温阳利水的方法治疗。,胞睑虚肿，宜以温阳化气、利水消肿之法进行治疗。
,,train-03303-281e4412431b,train,3303,knowledge_qa,very_short_output,您有什么症状？,请问您的身体有哪些不适症状呢？
,,train-03324-81eb45749451,train,3324,knowledge_qa,title_only_output|title_only_task_mismatch|unverified_research_claim|very_short_output,关于寒凝血虚证的研究,《寒凝血虚证的中医治疗探讨》
,,train-03328-4d174e9082c6,train,3328,knowledge_qa,medical_advice,我有风湿热痹证的问题，需要服用中药调理。,风湿热痹证是由于湿邪、风邪侵袭人体，导致关节肿痛、活动受限、发热等症状的疾病。中医认为，风湿热痹证的病机主要是湿热之邪内蕴于关节，导致气血运行不畅，关节受损而引起。建议您可以服用一些具有清热祛湿、活血化瘀、舒筋止痛作用的中药，如羌活、独活、红花、蒲公英等，可以制成方剂或者直接煎煮成药汁进行调理。同时，您还需要注意保持良好的生活习惯，避免潮湿环境和寒冷刺激，多参加适度的运动锻炼，有助于促进身体的康复。如果症状持续存在，请及时就医诊治。
,,train-03368-241158f25826,train,3368,knowledge_qa,heading_only_output|heading_only_task_mismatch|short_output|unverified_research_claim,中医针灸在治疗肝脏疾病的现代研究进展,现代医学背景下探索中医针灸对慢性肝炎及肝纤维化的影响和机制研究
,,train-03374-55b784bc3ac2,train,3374,extraction_classification,duplicate_output|short_output,请将以下中药按照功效分类：人参、黄连、当归、枸杞子。,人参、枸杞子属于补虚药；黄连属于清热药；当归属于补血药。
,,train-03381-08b7bdf7a04d,train,3381,knowledge_qa,heading_only_output|heading_only_task_mismatch|short_output|unverified_research_claim,探讨桑寄生对腰膝酸软症状的缓解作用,桑寄生对腰膝酸软症状缓解作用的临床观察研究
,,train-03409-79580fcc1daa,train,3409,knowledge_qa,medical_advice|medical_advice_without_safety_language|vulnerable_population|vulnerable_population_without_safety_language,孕妇产前产后出现生长迟缓，中医有何治疗方法？,孕妇在产前和产后如果出现生长迟缓情况，建议采取补益气血、调养脾肾的中医药治疗方案。如可采用四君子汤、黄芪当归煲等，以增强体质、促进身体恢复。同时结合针灸或推拿调理，有助于提高身体机能，预防并改善产后生长迟缓问题。
,,train-03443-3bcdd845b361,train,3443,knowledge_qa,personal_medical_advice|personal_medical_advice_without_safety_language,我经常失眠，有什么中药可以缓解？,失眠是中医常见的病症之一，其病因很多，可能是因为情志失调、饮食不节、气血不足、肝肾亏虚等因素导致的。治疗失眠可以根据患者的病情和体质选用不同的中药方剂，例如黄连解毒汤、安神补脑丸、归脾汤等。常用的中药有柴胡、茯苓、枸杞子、丹参、白芍、酸枣仁等，这些中药可以单独使用或配合其他药物组成方剂，具有调节神经系统功能、安神镇静、缓解焦虑、促进睡眠的作用。但是请注意，中药治疗失眠需要在医生的指导下进行，不能自行购买和服用中药。
,,train-03465-e9eb3c8bc515,train,3465,knowledge_qa,medical_advice|medical_advice_without_safety_language,我想知道当归和羊肉的关系如何，在中医中通常怎么搭配使用？,当归和羊肉在中医上常被用作补血、调理身体的一种组合，适用于女性血虚所致的月经不调、面色苍白等症状。当归有补血活血的作用，并可促进气血的运行；而羊肉是温补肾阳的佳品，能够增强人体的阳气。两者合用时，可以提高血液的质量和数量，并能改善由于贫血导致的身体疲劳、畏寒怕冷等问题。不过，在具体使用时还应考虑个体体质与病史等多方面因素，以确保安全有效的应用。
,,train-03523-11a3854187e6,train,3523,knowledge_qa,medical_advice|personal_medical_advice,我感觉头晕，有什么中医治疗方法？,头晕是中医学中的一种常见症状，可能由多种原因引起。如果您的头晕伴有头痛、眩晕、恶心、呕吐等症状，建议您去医院就诊。中医治疗头晕可以采用针灸、按摩、中药汤剂等方式。针灸可以刺激身体的穴位，调节气血运行；按摩可以促进血液循环，缓解头痛；中药汤剂可以通过药物的作用，改善头晕的症状。但是，请注意，中医疗法需要根据具体病情进行辨证施治，所以建议您先去医院就诊，再选择合适的治疗方法。
,,train-03524-75b66e361957,train,3524,extraction_classification,duplicate_output|short_output,请从以下中药中抽取具有清热解毒功效的药物：黄连、当归、连翘、人参。,具有清热解毒功效的中药是黄连和连翘。
,,train-03531-9cce080436cd,train,3531,knowledge_qa,unverified_research_claim|vulnerable_population|vulnerable_population_without_safety_language,关于小儿近视的中医治疗研究，你能提供一篇论文主题建议吗？,论文题目：《基于经络理论的小儿近视中医防治策略探究》。 摘要示例：本研究通过梳理与探讨儿童视力下降现象中的中医经络理论及实践应用，总结并提出了一系列从补肝益肾、调和阴阳等多个角度入手的中医药物方案以及针灸推拿治疗措施。着重关注了小儿日常养护中融入中医药疗干预的可能性，并对比分析其在防治儿童近视方面与现代西医学的不同效果及机制。
,,train-03539-7f1c7ff34c0a,train,3539,knowledge_qa,document_style_output|document_style_task_mismatch|medical_advice|medical_advice_without_safety_language,概述眩晕性癫痫的中医治疗方法及机理,本文综述了中医学在治疗眩晕性癫痫中的独特见解与经验，包括对病理解析、诊断标准、常用药物和非药物疗法的研究。研究显示，通过调整气血、平衡阴阳及调治肝脾心肾等脏腑功能来控制癫痫症状，并强调中药联合针灸在改善患者生活质量和预防发作方面的重要作用。文章旨在揭示传统中医对现代神经系统疾病的新认识与应用策略。
,,train-03571-792d50521909,train,3571,title_generation,unverified_research_claim,关于中西医结合对消化内科疾病的探讨和分析，适合什么样的论文标题？,中西医结合在消化内科疾病研究与实践中的应用、整合及进展 —— 基于实证案例的深度剖析
,,train-03572-fd8b0f49cd6c,train,3572,knowledge_qa,medical_advice|medical_advice_without_safety_language|vulnerable_population|vulnerable_population_without_safety_language,孕妇在使用中药时应注意哪些事项？,孕妇在使用中药时，应避免使用剧毒或药性猛烈的中药，如半夏、附子等，同时应根据个人体质和病情选择适合的中药，最好在中医师的指导下使用。
,,train-03589-d1c7465487ed,train,3589,long_form_generation,short_output|title_only_output|title_only_task_mismatch|unverified_research_claim,请撰写一篇关于中药两面针的研究文献。,《两面针在治疗风湿性关节炎中的应用与药效学研究》
,,train-03601-00ab066dded8,train,3601,title_generation,potentially_toxic_herb|short_output|title_only_output|toxic_herb_without_safety_language,请根据以下内容生成一个中医文献标题：半夏在治疗湿毒血瘀证中的应用。,《半夏在治疗湿毒血瘀证中的应用及其药理机制探讨》
,,train-03657-51c2694abe19,train,3657,extraction_classification,duplicate_output|short_output,请从以下中药中，选择具有清热解毒功效的中药：金银花、当归、党参、板蓝根。,具有清热解毒功效的中药是金银花和板蓝根。
,,train-03660-3295e7fa1c15,train,3660,knowledge_qa,heading_only_output|heading_only_task_mismatch|unverified_research_claim|vulnerable_population|vulnerable_population_without_safety_language,研究极低出生体重婴儿与药物相互作用。,【基于中国传统医学的视角】：极低出生体重新生儿用药安全及其潜在的中医干预策略研究
,,train-03726-8980cf713b60,train,3726,rewriting_editing,short_output,请将以下句子修改为更加正式的中医学术语：‘如果你觉得背痛，可以试试拔罐’,若患者遭受背部疼痛，建议尝试中医拔罐疗法以缓解症状。
,,train-03762-2277f1126a38,train,3762,title_generation,short_output|title_only_output|unverified_research_claim|vulnerable_population|vulnerable_population_without_safety_language,请为我生成一个关于研究小儿多动症的中医治疗进展的文献标题。,《小儿多动症中医治疗进展及临床应用研究》
,,train-03781-d48e5d17fa2e,train,3781,title_generation,dosage_question|dosage_without_safety_language|medical_advice|medical_advice_without_safety_language|short_output|title_only_output|unverified_research_claim,请根据以下内容生成一篇中医文献的标题：研究不同剂量的升麻对小鼠肝损伤的保护作用。,《升麻对小鼠肝损伤保护作用的剂量依赖性研究》
,,train-03793-1e12da5f4860,train,3793,knowledge_qa,medical_advice|medical_advice_without_safety_language|personal_medical_advice|personal_medical_advice_without_safety_language,我想了解一下关于中医方面的书籍推荐，以便于更好地学习中医知识。,关于中医方面的书籍推荐，可以阅读《黄帝内经》、《伤寒杂病论》、《金匮要略》等经典著作，这些书籍是中医学的理论基础。此外，还可以阅读《中医基础理论》、《中医诊断学》、《中药学》等教材，以系统学习中医的基本知识和技能。
,,train-03802-74f21fa5b7a1,train,3802,knowledge_qa,medical_advice|medical_advice_without_safety_language|personal_medical_advice|personal_medical_advice_without_safety_language,我患有关节疼痛，可以吃什么中药食物来缓解症状？,关节疼痛的中医理论常常将其归因于寒湿侵袭和气血不通所导致的经络阻塞。可通过食用一些具有温通、散寒、活血作用的食物以及含有草本成分的食品来缓解。例如，可尝试用红参、枸杞子、熟地黄等食材炖制滋补汤品，同时添加适量姜或蒜以促进血液循环。还可以搭配使用薏米和扁豆煮粥，有助于排除体内的湿气。但具体的饮食建议还需结合个人体质和具体情况，请咨询中医师给出专业的饮食调理方案。
,,train-03815-38aa5d2fc9a4,train,3815,knowledge_qa,medical_advice|medical_advice_without_safety_language|personal_medical_advice|personal_medical_advice_without_safety_language|vulnerable_population|vulnerable_population_without_safety_language,小儿脾胃不好，有什么方剂可以治疗？,小儿脾胃不好，可以采用中医的调理方法来治疗。比如说，可以使用温补脾胃、健脾益胃的方剂，例如参苓白术汤、四君子汤等。
,,train-03841-f0f7a0753355,train,3841,knowledge_qa,malformed_instruction,免疫缺陷综合征与哪些中医实体相关？,免疫缺陷综合征通常是指身体免疫系统功能减退的一系列病症。在中医学里，这类问题往往被认为是由正气虚、脾肾亏、气血两虚等多种原因造成。其中可能涉及的实体包括：脾胃虚弱导致后天之本不足、肝肾阴虚影响人体防御机制等。这表明中医认为体质因素（如阴阳失衡）与疾病发生有密切关联，因此，在治疗过程中可能会侧重于调和阴阳、补益脏腑之气等方法。
,,train-03860-ddc05888e4b0,train,3860,knowledge_qa,medical_advice|medical_advice_without_safety_language|personal_medical_advice|personal_medical_advice_without_safety_language,我感觉疲惫无力，食欲不振，有无可能是脾胃虚？请分析症状并推荐中药。,"根据您描述的症状包括疲倦乏力、食欲不佳，可能存在中医中的""脾胃虚弱""情况。这种情况多表现为消化吸收能力下降和营养供给不足。推荐使用补益中成药如六君子汤或参苓白术散等，其中主要包括人参、白术、茯苓、甘草以及其它辅助药材。在服用过程中要注意作息规律和饮食调理，以促进康复效果。"
,,train-03885-32d4a6c3b995,train,3885,knowledge_qa,medical_advice|medical_advice_without_safety_language|personal_medical_advice|personal_medical_advice_without_safety_language,我患有慢性胃炎，经常感到胃部不适，恶心呕吐，苔黄白，请推荐中医治疗方法。,您所描述的症状可能是脾胃湿热的表现。中医治疗通常采用清热利湿、健脾和胃的方法。建议使用中药方剂如平胃散或三黄煎丸，这些方剂具有清热利湿、理气和胃的作用。同时，建议调整饮食，避免辛辣、油腻食物，多吃清淡易消化的食物。请在中医师的指导下进行治疗。
,,train-03895-02313e01eda1,train,3895,knowledge_qa,medical_advice|medical_advice_without_safety_language|personal_medical_advice|personal_medical_advice_without_safety_language,我想学习中医养生，有什么推荐书籍或资源吗？,中医养生是中华民族传统文化中重要的一部分，有很多经典的书籍和资源可供学习。例如《黄帝内经》、《难经》、《神农本草经》等经典著作都是中医养生的重要来源。此外，现在还有很多现代的中医养生书籍和视频资料，可以了解更多现代中医养生的知识和技术。您可以通过互联网搜索相关的资源，或者去当地的图书馆或书店寻找相关的书籍和资料。如果您是初学者，建议从基础开始学习，逐渐深入了解中医养生的概念、原则和方法。
,,train-03897-ab56e412d5c6,train,3897,knowledge_qa,,虚火灼络的症状有哪些？,虚火灼络是中医中常见的病证之一，主要表现为口干口渴、舌红少苔、便秘干燥、尿黄短赤、头晕目眩等症状。此外，还可能出现面颊红肿、牙龈出血、口臭口疮、咽痛咽痒等口腔症状，以及手足心热、潮热盗汗、夜寐不宁等虚火上炎的症状。因此，如果出现上述症状，应该及时到医院就诊，根据病情进行针对性治疗。同时，平时要注意饮食清淡，避免辛辣刺激食物和饮料的摄入，保持情绪稳定，适当运动，有助于调节身体机能，预防虚火灼络的发生。
,,train-03898-307f4aec0a44,train,3898,title_generation,medical_advice|medical_advice_without_safety_language|short_output|title_only_output|unverified_research_claim,请为以下中医研究主题生成一个合适的文献标题：脾胃虚弱证的治疗方法研究。,《脾胃虚弱证的综合治疗方法研究》
,,train-03902-67fedc24ef1a,train,3902,extraction_classification,potentially_toxic_herb|toxic_herb_without_safety_language|vulnerable_population|vulnerable_population_without_safety_language,请从以下中药中抽取一种适用于治疗孕妇恶心呕吐的药物：姜半夏、砂仁、陈皮。,陈皮。陈皮具有理气、燥湿、化痰的作用，适用于治疗孕妇恶心呕吐。但请注意，孕妇在使用中药时应在医生的指导下使用，以确保安全有效。
,,train-03920-69aeff6ec263,train,3920,title_generation,latin_text_fragment|short_output|title_only_output,请根据以下关键词生成一篇中医文献的标题：三七、Change In Bowel Habits、脉细。,《三七对肠道习惯改变及脉细症状的影响：一项临床观察研究》
,,train-03954-45bbf9a37430,train,3954,knowledge_qa,medical_advice|medical_advice_without_safety_language|vulnerable_population|vulnerable_population_without_safety_language,婴儿期动脉硬化有什么中医治疗方法？,针对婴儿期动脉硬化这种病症，在中医中没有特定的治疗方法可以直接应用于婴儿。由于婴幼儿身体结构的特殊性和不完全发展，很多中药和治疗方法可能会受到限制或不适应用于这个年龄段。在实际情况下，应该咨询专业的儿童中医医生或儿科专家，进行详细的评估并寻找安全有效的治疗方法。
,,train-03991-765cb3a9008d,train,3991,extraction_classification,,请将以下中药按照功效分类：厚朴、零陵香、紫草茸、山慈菇。,厚朴具有燥湿消痰、下气除满的功效，常用于湿阻中焦、食积气滞等症状的治疗；零陵香有行气止痛、温中止呕的作用，适用于胸腹胀痛、呕吐泄泻等症；紫草茸主要用于清热凉血、解毒透疹，常用于热病发热、麻疹不透等；山慈菇能清热解毒、消痈散结，适用于痈疽疮疡、瘰疬痰核等。因此，这些中药可以按照其功效特点分类为：厚朴和零陵香归为理气药，紫草茸归为清热药，山慈菇归为清热解毒药。
,,train-04012-15dd1d64049c,train,4012,knowledge_qa,short_output|title_only_output|title_only_task_mismatch|unverified_research_claim,先天性心脏病与中医治疗的相关研究进展,《先天性心脏病：中国传统医学视角下的最新治疗方法及研究进展》
,,train-04024-1f72f98fa385,train,4024,extraction_classification,duplicate_output|short_output,请抽取以下几种药材中，具有清热解毒功效的中药：金银花、当归、川芎、板蓝根。,具有清热解毒功效的中药是金银花和板蓝根。
,,train-04031-2c6f39af94e6,train,4031,knowledge_qa,duplicate_output,请分析一下中医中“证候”的概念。,中医中的“证候”是指疾病发展过程中某一阶段的病理概括，包括病因、病位、病性和邪正盛衰等方面。它是中医诊断和治疗的基础。
,,train-04036-5c8d2b90f637,train,4036,knowledge_qa,vulnerable_population|vulnerable_population_without_safety_language,孕妇有心脏病的症状有哪些？,怀孕期间出现的心脏病症状可能与孕期特有的生理变化和身体负荷增加有关。常见的心脏病相关症状包括：胸闷、心慌、气促，特别是在进行体力活动或夜间休息时；突然间出现的呼吸困难；偶尔伴随头晕、晕厥，甚至可能会有头痛和胃部不适感；严重情况下可能出现恶心、呕吐并伴有冷汗、手脚冰冷等表现。需要及时就诊以确定具体原因并采取适当的医疗干预。
,,train-04038-32f5e69181cd,train,4038,knowledge_qa,unverified_research_claim,关于中药对颈部织带病治疗的研究进展,"《中药在颈部织带病症治疗中的作用与最新研究》, 该论文概述了中医药物在缓解颈椎疼痛和促进恢复方面的重要作用。通过对传统中草药成分的现代解析，论文探讨了其潜在的作用机理、临床应用以及安全性评估，并强调了多学科合作在这一领域的创新突破和未来展望。"
,,train-04074-3215b7dfc587,train,4074,knowledge_qa,unsafe_absolute_claim,有人说中药是纯天然的，所以没有任何副作用，这种说法正确吗？,这种说法并不完全正确。虽然中药大多来源于自然界的植物、动物和矿物，但并不意味着它们没有副作用。中药也是药物，任何药物都有可能产生不良反应。中药的副作用通常比西药要小，但如果不根据个人的体质和病情正确使用，也可能导致不适或不良反应。因此，使用中药时应遵循中医师的指导，合理用药。
,,train-04075-6ef9ec50bba9,train,4075,knowledge_qa,serious_condition|serious_condition_without_safety_language,中医认为肿瘤转移应如何预防与处理？,在中医中，认为肿瘤转移是由于患者气血虚弱、气滞血瘀导致的。为了预防和处理这个问题，建议：1）进行定期体检；2) 遵循健康的生活方式如：均衡饮食、适量运动、保持心理平衡等；3) 调节自身的体质状况，提升免疫力，可以采用中药汤剂或草药茶饮进行补益，例如人参、黄芪、当归。4) 在医生的指导下，根据患者的实际情况来选择适当的中医治疗方法，如针灸、推拿等辅助手段。
,,train-04081-cb0c1d2722b6,train,4081,title_generation,short_output|title_only_output|unverified_research_claim,请根据以下内容生成一个中医文献标题：本文研究了木瓜在中医理论中的性味归经、功效及其在治疗消化不良、风湿痹痛等疾病中的应用。,《木瓜在中医中的应用及疗效探讨》
,,train-04083-6047d6c06451,train,4083,title_generation,short_output|title_only_output|unverified_research_claim,请根据以下内容生成一个中医文献标题：黄芪在治疗脾肾气虚证方面的临床应用研究。,《黄芪对脾肾气虚证患者临床疗效的观察与分析》
,,train-04084-9efde1c6d5aa,train,4084,knowledge_qa,latin_text_fragment,营气亏虚和 Polyarthralgia 有何关联？,营气亏虚，即中医理论中的气血不足，可能导致身体的多个关节出现疼痛，这种病症在中医中可能被归类为痹症。Polyarthralgia是西医术语，指的是多关节痛，可能与中医的营气亏虚有关联，因为中医认为气血不足会导致关节失去濡养，从而出现疼痛。
,,train-04109-9bb10aef6334,train,4109,rewriting_editing,short_output,请将以下句子修改为更专业的中医术语：'我最近身体很虚，总是怕冷。',近日体内阳气不足，常感形寒肢冷。
,,train-04110-f6374c0924f2,train,4110,knowledge_qa,short_output|title_only_output|title_only_task_mismatch|unverified_research_claim,探讨心经在中医理论中的作用及临床应用,《心经在中医理论中的核心地位及其在现代临床的实践应用》
,,train-04111-0d0b9ebeed8e,train,4111,long_form_generation,document_style_output|unverified_research_claim,请根据以下内容生成一个摘要：本文综述了近年来关于脾胃湿热证的研究进展，包括病因病机、诊断方法、辨证论治及实验研究等方面。,本文综述了脾胃湿热证的研究进展，包括病因病机、诊断方法、辨证论治及实验研究等方面。通过对近年来相关文献的整理和分析，总结了脾胃湿热证的研究成果和存在的问题，为今后的研究提供了参考和启示。
,,train-04130-2f2a688d297a,train,4130,title_generation,potentially_toxic_herb|short_output|title_only_output|toxic_herb_without_safety_language|unverified_research_claim,请根据中医理论，结合现代研究，生成一个关于川乌药理作用的文献标题。,《川乌中生物碱成分的药理作用及其机制研究》
,,train-04174-0d73b8581d19,train,4174,title_generation,heading_only_output|potentially_toxic_herb|short_output|toxic_herb_without_safety_language|unverified_research_claim,请为以下文献生成一个合适的标题：本文研究了川乌中有效成分对关节炎的治疗作用。,“川乌有效成分对关节炎治疗作用的研究”
,,train-04193-20e16bfb0e50,train,4193,knowledge_qa,,一位年轻女性出现了频繁疲劳、心悸等症状，您会如何初步判断她的中医体质类型及建议相应的饮食调节？,通过询问患者的症状以及生活作息习惯后，我们可能推测这位患者属于气血两虚的体质。气血不足会引起乏力、气短、心悸等症状，并伴有睡眠质量下降或体虚多汗等问题。为了改善这类情况，建议该女性日常生活中应注意调养与调节饮食，宜多吃补血生津、滋阴养血的食物如黑芝麻、猪肝等；避免熬夜，保证充分休息和规律作息，减少情绪波动以减轻对心神的损耗；同时在专业中医师指导下，可以适量使用一些中药调理，如炙甘草、红枣、黄芪等。
,,train-04194-992dd5a7adc1,train,4194,knowledge_qa,medical_advice|medical_advice_without_safety_language|unverified_research_claim,湖北大学的科研人员最近发表了一项关于利用中草药来对抗混合结缔组织病的研究。他们使用了哪些具体的药物或治疗方法？,湖北大学的科研人员可能使用了一些具有抗炎、抗氧化和免疫调节功能的中药，如黄芪、当归、白术等，通过调整患者体内的免疫反应和减轻炎症症状来对抗混合结缔组织病。具体的药方需根据临床研究数据进行确定。
,,train-04195-d28a4184281a,train,4195,knowledge_qa,document_style_output|document_style_task_mismatch|unverified_research_claim,一篇关于中药血清肌酸磷酸激酶升高的研究,本文探讨了中药使用与血液中的肌酸磷酸激酶水平升高之间的关联性，通过实验数据分析及临床案例验证，在某些情况下，特定的中药配方可能导致此生物标志物升高的现象。文中详细说明了这些药物可能的作用机理以及潜在风险，同时强调需根据个人情况在专业医师指导下谨慎应用中草药疗法。
,,train-04198-21578567df4c,train,4198,long_form_generation,heading_only_output|heading_only_task_mismatch|short_output,请根据以下信息撰写一篇关于肝经郁热的中医治疗的文章：背景、目的、方法、结果和结论,肝经郁热的中医治疗：一项临床研究
,,train-04223-92e14fa1e6f3,train,4223,knowledge_qa,personal_medical_advice|personal_medical_advice_without_safety_language,最近经常感到胃寒，有什么中药可以缓解这种症状？,胃寒时，可以尝试使用一些温中散寒的中药，如干姜、肉桂、高良姜等。建议咨询专业的中医师，以便根据个人体质和病情制定合适的治疗方案。
,,train-04224-1d9c59daa2aa,train,4224,title_generation,title_only_output|unverified_research_claim|very_short_output,请根据以下内容生成一个中医文献标题：本文研究了山药对脾虚证的治疗作用。,《山药对脾虚证治疗作用的研究》
,,train-04253-97ae86e67df6,train,4253,knowledge_qa,medical_advice|medical_advice_without_safety_language|personal_medical_advice|personal_medical_advice_without_safety_language,我经常感到腰背酸痛，尤其是劳累后，有什么中药推荐吗？,腰背酸痛在中医里可能与肾虚、血瘀、寒湿等多种因素有关。可以考虑使用一些补肝肾、强筋骨、活血化瘀的中药，如杜仲、牛膝、桑寄生等。同时，也可以采用针灸、拔罐等中医外治法来缓解症状。建议在专业中医师的指导下进行治疗。
,,train-04269-1a8c6897931d,train,4269,title_generation,short_output|title_only_output,请根据以下内容生成一个文献标题：妇人阴冷脾阳虚弱证的中药治疗。,《中药治疗妇人阴冷脾阳虚弱证的临床观察与体会》
,,train-04282-b927332b4d62,train,4282,knowledge_qa,document_style_output|document_style_task_mismatch|unverified_research_claim,探讨天冬的药理活性与现代应用，生成一份100字左右的研究报告概要。,本研究概述了天冬作为传统中药在不同医学领域中的药理作用及其临床价值。天冬因具有滋阴润燥、益气养血等功效，广泛应用于治疗肺热咳嗽、肝肾亏损等问题。近年来的研究也揭示出其对癌症化疗抗性、糖尿病等慢性病的潜在防治作用，在现代药学研究中展现出广阔的应用前景。
,,train-04289-1f2abaf34f38,train,4289,knowledge_qa,unsafe_absolute_claim,牙龈出血是否可通过中药治疗得到改善？如果可以，应选用哪几种药材组合？,通过中医角度，牙龈出血通常被认为是由热、燥或火引起的上炎导致的。推荐使用具有清热凉血、收敛止血作用的中药材进行调理和治疗，如金银花、蒲公英、三七粉等。这几种药材有助于降低体内的热气、抑制炎症反应并促进伤口愈合。在具体用药前应咨询专业中医师，以获取最适合个体的方案，并确保药物安全无副作用。
,,train-04304-0cc046e733c6,train,4304,long_form_generation,document_style_output|unverified_research_claim,请为以下文献生成摘要：正虚痰恋证的治疗研究进展。,摘要：正虚痰恋证是中医学中常见的证候之一，主要表现为气虚、阳虚和痰湿内阻。本文综述了近年来关于正虚痰恋证的治疗研究进展，包括中药治疗、针灸治疗、饮食调理等方面，为临床治疗提供参考。
,,train-04394-4a2111d8fe2e,train,4394,extraction_classification,very_short_output,请从以下中药中抽取具有清热解毒功效的药材：天仙子、楮实子、昆布、黄芩。,具有清热解毒功效的药材是黄芩。
,,train-04398-95b4fcce4591,train,4398,extraction_classification,,请抽取与肢冷相关的中医证候。,肢冷常见于阳虚体质，可能与肾阳虚、脾阳虚有关。常见的证候包括手足不温、畏寒喜暖、面色苍白等。治疗时，可以考虑温阳散寒的方剂，如四逆汤、真武汤等。
,,train-04404-00b5ff63e693,train,4404,title_generation,heading_only_output|unverified_research_claim|very_short_output,请为以下主题生成一个合适的文献标题：'人参对免疫力的影响研究',人参对免疫力的影响及其机制研究
,,train-04405-e8474170638b,train,4405,long_form_generation,document_style_output|medical_advice|medical_advice_without_safety_language|unverified_research_claim,请根据以下主题撰写一篇关于中医方剂的文献：主题为“中医药治疗失眠的研究进展与展望”。,标题：中医药治疗失眠的研究进展与展望 摘要：失眠是临床常见的疾病，严重影响患者的生活质量。中医药治疗失眠具有悠久的历史和丰富的经验。本文对中医药治疗失眠的研究进展进行了综述，并对未来研究方向进行了展望。 关键词：中医药；失眠；研究进展；展望 正文：引言部分简要介绍了失眠的病因、病机和中医治疗失眠的基本原则。随后，详细综述了中医药治疗失眠的临床研究、药理作用、方剂研究和名医经验等方面的进展。最后，对中医药治疗失眠的未来研究方向进行了展望，包括加强临床研究、探讨作用机制、开发新药等。
,,train-04444-eceeec3bb348,train,4444,extraction_classification,potentially_toxic_herb|short_output|toxic_herb_without_safety_language,请将以下中药按药性分类：人参、附子、干姜、黄连、黄芩、生地黄。,按药性分类如下：温热药：附子、干姜；寒凉药：黄连、黄芩；平性药：人参、生地黄。
,,train-04485-ac0209c551d7,train,4485,knowledge_qa,personal_medical_advice|vulnerable_population,儿童长期便秘怎么办？,中医认为，儿童长期便秘可能是由于肠胃气机不畅、消化功能失衡所致。可建议采用中成药或食疗来调理，比如使用益生元促进肠道蠕动和改善微生态环境，或是食用富含纤维的食物如糙米、燕麦等促进自然排便。同时，保持规律的饮食作息及适当增加运动也有助于缓解便秘。但具体治疗方案需根据儿童具体情况由中医师指导进行。
,,train-04496-e0d7a157ed86,train,4496,title_generation,short_output|title_only_output|unverified_research_claim,请根据以下内容生成一个中医文献标题：'肺经与呼吸系统疾病的关系研究',《基于中医肺经理论对呼吸系统疾病防治的探讨》
,,train-04501-4e265ae3e3fa,train,4501,knowledge_qa,medical_advice|medical_advice_without_safety_language|unverified_research_claim,肌肉强直如何从中医理论解释？现代研究是否有支持其治疗方法。,中医认为，肌肉强直主要是由于气血运行不畅或筋脉受阻所导致的。根据传统中医理论，可以通过调和阴阳、疏通经络的方式进行调理。现代研究表明，针灸、中药以及特定运动疗法可以有效地改善肌肉强直的症状，支持了这些中医治疗方法的有效性与科学性。
,,train-04505-42deff167cc2,train,4505,knowledge_qa,malformed_instruction,烧伤后脉搏增速与哪些中医实体相关？,在中医里，烧伤导致的脉搏增速可能关联到心火亢盛、气血两燔、湿热内生等状态。这类情况下需要对患者进行补肾固本、清热解毒和养心安神的治疗策略，使用方剂如黄连解毒汤、牛膝补中益气汤等以恢复患者健康。
,,train-04559-d70ba2fedc73,train,4559,knowledge_qa,heading_only_output|heading_only_task_mismatch|serious_condition|serious_condition_without_safety_language|short_output|unverified_research_claim,原始文献：“原发性恶性肿瘤与免疫调节疗法对生存率影响的中西医联合研究”,关键词：原发性恶性肿瘤、中医（传统医学）、西医、免疫调节、生存率、联合研究
,,train-04579-b59eefc99849,train,4579,knowledge_qa,potentially_toxic_herb|serious_condition|serious_condition_without_safety_language|short_output|toxic_herb_without_safety_language|unverified_research_claim,探讨花叶细辛在中风康复治疗中的应用及其机理分析,花叶细辛：一种新兴的中医疗法在中风康复中的作用与科学解释
,,train-04602-da4dee3a48aa,train,4602,knowledge_qa,vulnerable_population|vulnerable_population_without_safety_language,儿童软组织肉瘤的症状有哪些？,儿童软组织肉瘤的常见临床表现为：1. 无痛性肿块：通常是最早出现且最常见的表现；2. 生长迅速：肿瘤多呈实质性，边界可能不清，增长速度较快；3. 可能伴随疼痛、皮肤瘙痒或色素沉着；4. 体积较大时可导致关节运动受限或压迫邻近器官引起相应的临床症状。儿童软组织肉瘤需通过影像学检查及活检来确诊，并依据病灶位置和病理类型选择手术切除、放疗和/或化疗等综合治疗措施。
,,train-04609-6c02704e8128,train,4609,knowledge_qa,unsafe_absolute_claim,先天性染色体疾病对中医药物有哪些限制或特殊要求？,先天性染色体疾病的患者在使用中成药时需要特别注意以下几点：1）避免影响遗传物质，尽量选择不会与特定基因相互作用的草本；2）慎重选择含有补血、补气的药材，避免造成遗传异常进一步复杂化；3）遵循个体化的治疗方案，根据自身情况调整药量或换用温和无副作用的中药。具体的治疗方案应由专业医生制定，并在专业指导下进行。
,,train-04620-1c486a6857b7,train,4620,knowledge_qa,serious_condition|serious_condition_without_safety_language,肿瘤细胞侵袭过程中的分子机制有哪些关键点？如何用中草药抑制这一过程？,在研究肿瘤细胞的侵袭过程中，分子机制主要包括粘附分子、金属蛋白酶、基质金属蛋白酶-2（MMP-2）等的作用。中草药可通过多种方式参与调节这些分子作用的过程：例如，通过抗炎镇痛缓解炎症反应；抑制特定蛋白酶活性减慢肿瘤细胞的迁移速度和侵袭性；以及通过影响粘附分子来阻止肿瘤与基质之间的黏着。然而，使用中草药具体抑制过程需要科学实验支持，且不同中药或配方的作用机理存在差异，需依据个体病情选用适当的草药组合并由专业人士指导治疗。
,,train-04639-51089150b525,train,4639,knowledge_qa,title_only_output|title_only_task_mismatch|unverified_research_claim|very_short_output,探讨火毒攻喉证的中医疗法,《火毒攻喉证的中医疗法研究》
,,train-04668-ccda4e9402ef,train,4668,knowledge_qa,malformed_instruction,高血压可能与哪些中医实体相关？,高血压在中医中可能关联的中医实体包括但不限于肝火亢盛、脾虚水湿泛滥、肾精不足等。中医认为高血压常涉及脏腑功能失调，具体可以是肝脏失于调节血压，导致“肝阳上亢”；或者脾胃运化失常，导致水分代谢不畅引发水湿内停，进一步影响血脉畅通；同时若肾气不足或肾脏功能异常，也可能引发血分流通受阻和压力增高现象。
,,train-04685-06443045c0f0,train,4685,knowledge_qa,document_style_output|document_style_task_mismatch|unverified_research_claim,结合现代科学研究，探讨樗树子对多种疾病的潜在影响及其中医应用方法。,本文综合当前研究资料，揭示了樗树子在不同疾病中的潜在医疗价值及其传统中医运用方式。分析发现，该药材具有多样的生物活性成分和药理作用，在针对风湿病、肿瘤等疾病中可能展现出良好效果与独特机制，其研究为开发安全、有效的草本疗法提供了新的方向和依据。
,,train-04697-75ab2eaffac7,train,4697,extraction_classification,short_output,请根据中医理论，将下列症状归类为对应的证候：腰膝酸软、头晕耳鸣、眼睛干涩。,根据中医理论，这些症状可以归类为'肾阴虚损证'。
,,train-04700-ce316565cb63,train,4700,knowledge_qa,medical_advice|medical_advice_without_safety_language|personal_medical_advice|personal_medical_advice_without_safety_language,我最近感到腰膝酸软，头晕耳鸣，可能是肾阴亏损证，请推荐一个适合的中药方剂。,针对您的肾阴亏损证，可以尝试使用六味地黄丸。这个方剂以滋阴补肾为主，适用于腰膝酸软、头晕耳鸣等症状。
,,train-04702-b9d7e440a3b1,train,4702,knowledge_qa,medical_advice|medical_advice_without_safety_language|personal_medical_advice|personal_medical_advice_without_safety_language|vulnerable_population|vulnerable_population_without_safety_language,小儿脾胃不好，可以使用哪些中药方剂来调理？,小儿脾胃不好可以通过使用小儿化食丸、小儿健脾丸等中药方剂来进行调理，这些方剂具有消食化滞、健脾和胃的功效。
,,train-04711-20275663efa9,train,4711,knowledge_qa,medical_advice|medical_advice_without_safety_language|personal_medical_advice|personal_medical_advice_without_safety_language,我患有邪阻半表半里的症状，感觉身体不适，有什么适合的中药方剂可以推荐吗？,邪阻半表半里，可以考虑使用小柴胡汤，这是一种传统的中药方剂，具有和解少阳、调和表里的作用，适合治疗此类病症。
,,train-04722-a79a4c90b31f,train,4722,knowledge_qa,medical_advice|serious_condition,我有肺部肿瘤症状，应如何选择中医治疗方法？,首先需要在医生指导下进行西医诊断确认，并确定肺部肿瘤的类型、分期及扩散情况。然后结合个人体质与病情特征，可采用辨证施治原则，如可通过活血化瘀、扶正固本的方法调理身体，使用如鳖甲煎丸等方剂，但具体的中医治疗方法应由专业的中医师根据实际情况制定个性化方案。同时建议患者保持良好的生活习惯和饮食习惯，以促进治疗效果。
,,train-04731-2640a59964fe,train,4731,knowledge_qa,medical_advice|medical_advice_without_safety_language|potentially_toxic_herb|toxic_herb_without_safety_language,罂粟壳在中医中的作用是什么？为什么现在很多中药方中不使用罂粟壳？,罂粟壳，性味酸、涩、温，归肺、大肠、肾经。中医认为，罂粟壳具有敛肺止咳、涩肠止泻、止痛等功效。在传统中药方中，罂粟壳曾被用于治疗咳嗽、腹泻、疼痛等症状。然而，由于罂粟壳含有成瘾性成分，容易导致依赖和滥用，因此现在很多中药方中已经不再使用罂粟壳。国家对罂粟壳的使用有严格的管理规定，以确保安全和合理用药。
,,train-04733-52506ddca222,train,4733,extraction_classification,,请将以下症状按照中医理论分类：发热、咳嗽、腹泻、头晕。,按照中医理论，这些症状可以分为外感病证和内伤病证。发热和咳嗽属于外感病证，腹泻和头晕属于内伤病证。
,,train-04758-3038a0cbedad,train,4758,extraction_classification,document_style_output|serious_condition|serious_condition_without_safety_language|unverified_research_claim,研究发现水蛭提取物具有抑制肿瘤进展的能力。,本研究揭示了水蛭提取物通过激活特定信号转导途径和促进细胞凋亡机制在体外实验中显著抑制了多种不同类型肿瘤的生长。结果显示，该物质可能成为治疗恶性肿瘤的潜在天然药物。研究进一步探讨了水蛭成分如何干扰肿瘤的血管生成、增加对化疗敏感性和抑制转移潜力的功能，为开发针对特定癌种的新治疗方法提供了科学依据。
,,train-04776-b6c6951d3a15,train,4776,long_form_generation,title_only_output|title_only_task_mismatch|very_short_output,请撰写一篇关于中医治疗感冒的文献，包括病因病机、诊断要点、治疗原则和方药应用。,《中医治疗感冒的探讨》
,,train-04779-b8be39b56ceb,train,4779,knowledge_qa,latin_text_fragment,简要说明甘草在中药中的地位及其主要功效？,甘草（学名：Glycyrrhiza uralensis），别名为“甜草”或“和气药”，是中药材中使用极其广泛的一个品种，拥有悠久的历史与深远的影响。甘草的味甘，性平偏凉，有健脾胃、补中益气、缓急止痛、调和药性等多重功效，对于各种因虚损而引发的身体不适都可予以调理，如慢性疲劳、胃炎、肠炎以及心脏病等症状。在中医方剂中，无论热证还是寒证，甘草常用于辅助，其强大的中和与缓和作用是众多医家公认的宝库之一。然而使用时仍需考虑患者的具体病情及体质，谨防剂量过大引起的相关副作用。
,,train-04800-8978f4c8fd04,train,4800,knowledge_qa,short_output|title_only_output|title_only_task_mismatch|unverified_research_claim,针对热伤胃阴证的临床研究,《基于中医理论的胃阴亏损证临床特点与治疗策略研究》
,,train-04806-dc1104b8ef5c,train,4806,title_generation,short_output|title_only_output|unverified_research_claim,请根据中医理论，为关于升麻药理作用的研究生成一个文献标题。,《升麻的药理作用及其在中医临床中的应用研究》
,,train-04808-0e8e2a843b19,train,4808,long_form_generation,document_style_output,请撰写一篇关于'中医治疗肺经病症'的文献摘要。,本文综述了中医治疗肺经病症的理论基础和临床实践。肺经病变涉及咳嗽、哮喘、感冒等多种呼吸系统疾病，中医通过辨证论治，采用针灸、中药等治疗方法，调整肺经气血，调和营卫，以达到治疗肺经病症的目的。文章还讨论了中医治疗肺经病症的优势和未来研究方向。
,,train-04846-780b36ed9426,train,4846,title_generation,heading_only_output|short_output|unverified_research_claim,请根据以下内容生成一个文献标题：本研究探讨了中药对妇人阴冷破伤风的疗效。,“中药治疗妇人阴冷破伤风的临床观察与疗效分析”
,,train-04856-ec57824dc525,train,4856,knowledge_qa,heading_only_output|heading_only_task_mismatch|short_output|unverified_research_claim,研究者在探索中药对于帕金森综合症的新应用方向。,中医药创新疗法在帕金森病治疗中的实践与展望——一项系统性的综述与分析
,,train-04873-8ed31c942043,train,4873,extraction_classification,,请将以下症状归类为中医的哪种证候：心悸、失眠、头晕、面色苍白。,这些症状在中医理论中，通常被归类为“心血虚”证候。心血虚指的是心脏和血液的气血不足，导致心神失养，表现为心悸、失眠、头晕、面色苍白等症状。治疗心血虚，中医常用补血养心的方剂，如四物汤等。
,,train-04879-f4516bb9d5a9,train,4879,knowledge_qa,heading_only_output|heading_only_task_mismatch|short_output|unverified_research_claim,探讨中医理论中的五脏六腑与现代医学中人体器官功能之间的关联性,基于中国传统医学的视角：五脏六腑与现代生理学的人体系统比较研究
,,train-04914-1ccd6311af2f,train,4914,knowledge_qa,medical_advice|medical_advice_without_safety_language|personal_medical_advice|personal_medical_advice_without_safety_language,我最近经常感到胃部有灼热感，中医可能会推荐哪种草药进行治疗？,胃部灼热感在中医中可能是胃热的表现，中医可能会推荐使用具有清热、凉血、养阴的草药，如黄连、黄芩、生地黄等。建议在专业中医师的指导下使用。
,,train-04927-3c980f1bd38e,train,4927,knowledge_qa,document_style_output|document_style_task_mismatch|serious_condition|serious_condition_without_safety_language|unverified_research_claim,研究表明豨胆汁在转移癌预防中具有显著效果,本研究旨在评估豨胆汁对转移性癌症潜在的预防作用，结果表明连续给药可有效降低晚期肿瘤发生的风险。研究表明，豨胆汁通过激活内源性防御机制，在细胞水平上表现出强大的抗肿瘤活性，特别在抑制癌细胞迁移和侵袭过程中显示出显著优势。
,,train-04936-f1dc1ed80b1c,train,4936,extraction_classification,short_output,请将以下中药按功效分类：黄连、当归、川芎、人参、甘草。,黄连属于清热药，当归和川芎属于补血药，人参属于补气药，甘草属于调和药。
,,train-04951-e42e49f3862e,train,4951,rewriting_editing,,以下是一段关于毛冬青的介绍，请对其进行编辑，使其更加准确和详细：毛冬青是一种常见的中药材，主要用于清热解毒、活血化瘀。它通常用于治疗各种炎症和感染，如咽喉炎、扁桃体炎等。,毛冬青，又名铁冬青，是一种常见的中药材，具有清热解毒、活血化瘀的功效。它通常用于治疗各种炎症和感染，如咽喉炎、扁桃体炎、肺炎等。此外，毛冬青还可用于治疗高血压、糖尿病等疾病。使用时，需注意毛冬青的用量和禁忌症，以免产生不良反应。
,,train-04967-de56a5dd9892,train,4967,knowledge_qa,serious_condition|serious_condition_without_safety_language|short_output|unverified_research_claim,关于川东獐牙菜与乳腺癌的相关研究,川东獐牙菜对乳腺癌治疗的潜在价值和作用机制探索
,,train-04976-f49a2bb0d883,train,4976,long_form_generation,serious_condition|serious_condition_without_safety_language|short_output|unverified_research_claim,这篇关于三叶海棠与乳腺癌的现代研究文献综述了其药理作用，发现三叶海棠可能对抑制肿瘤生长及转移有潜在益处。,该研究概括了三叶海棠在抗击乳腺癌领域的可能效果，包括抑制肿瘤增殖和转移等功效。
,,train-04994-b91471e05654,train,4994,knowledge_qa,document_style_output|document_style_task_mismatch|unverified_research_claim,探讨中药在现代医学中的应用案例以及潜在效果。,本文通过详细阐述中国传统药物在防治慢性疾病方面的应用，展示中药独特的生物活性成分在缓解临床症状、促进身体恢复中扮演的重要角色。以焦虑症和慢性肾衰竭为例，研究了复方丹参滴丸等中药在改善患者心理状态与减轻肾脏损伤方面的潜在效果，并分析其机制、适用人群以及可能面临的挑战。本论文旨在推动中药现代化应用，加强跨学科合作，促进传统医学的创新与发展。
,,train-04995-adeecd3b85f9,train,4995,knowledge_qa,heading_only_output|heading_only_task_mismatch|short_output|unverified_research_claim,气滞血瘀证的研究进展,气滞血瘀证：现代医学视角下的诊断与治疗研究
,,train-05010-0f9a9410ad2d,train,5010,rewriting_editing,short_output,请对以下句子进行修改：'鸭跖草可以用来治疗肝肾亏虚证。',鸭跖草可用于辅助治疗肝肾亏虚证，具体应用时需结合中医辨证施治原则。
,,train-05011-db796fea4a96,train,5011,knowledge_qa,document_style_output|document_style_task_mismatch|medical_advice|medical_advice_without_safety_language|unverified_research_claim,一篇关于癫痫中医治疗方法的研究论文,本文概述了现代医学与传统中医学对癫痫的不同观点及治疗方法，详细描述了中药、针灸和拔罐等疗法在临床治疗中的应用效果。研究者分析了传统方剂如定痫丸的现代制备方法及其在不同病例中的治疗反应，同时也探讨了中医诊断与西医检查相结合的重要性，在治疗过程中考虑患者的体质差异，并结合现代科技进行疗效评估。
,,train-05021-3209ef4e52aa,train,5021,rewriting_editing,,请根据中医理论，对以下句子进行修改：最近工作压力大，导致我经常失眠，头痛，食欲不振。,最近工作压力大，导致我经常失眠，头痛，食欲不振。根据中医理论，这可能是由于肝气郁结、脾胃虚弱所致。建议我采用疏肝解郁、健脾养胃的调理方法，可以考虑使用逍遥散等方剂进行治疗。同时，建议我注意调整工作节奏，保持良好的作息习惯，以缓解压力。
,,train-05053-697d6960362f,train,5053,title_generation,short_output|title_only_output|unverified_research_claim,请根据中医理论，结合现代研究，为探讨湿热体质与慢性疲劳综合征的关系生成一个文献标题。,《基于中医湿热体质理论探讨慢性疲劳综合征的发病机制及临床干预策略》
,,train-05091-3585e41710f9,train,5091,extraction_classification,duplicate_output|short_output,请抽取以下中药中具有清热解毒功效的药物：百部、黄连、连翘、常山。,具有清热解毒功效的中药是黄连和连翘。
,,train-05097-01394a7846c5,train,5097,title_generation,heading_only_output|short_output|unverified_research_claim,请根据以下内容生成一个中医文献标题：本文主要研究了当归在治疗女性月经不调方面的临床应用。,当归在治疗女性月经不调临床应用研究
,,train-05101-d6b0aa3f1481,train,5101,knowledge_qa,serious_condition,我听说肺癌会有咳血的症状？那么肺癌的其他症状是什么样的呢?,肺癌通常会有多种症状出现，并不局限为咳血。常见症状包括持续性的咳嗽（尤其是干咳或痰中带血）、呼吸困难、胸痛、声音嘶哑等，其中咯血属于肺癌的中晚期表现之一，常提示病灶靠近气管或支气管壁的情况。其他早期可能出现的症状有反复发热和疲劳感等，并不一定有明显的咳血表现。如怀疑自身身体出现这些症状时，请及时就医并寻求专业医生的确诊与治疗建议。
,,train-05103-fcb41c5e5cbc,train,5103,knowledge_qa,latin_text_fragment|unverified_research_claim,丹参的主要药理作用有哪些？,'丹参（Salvia miltiorrhiza）是一味传统中药材，在中医中主要用于活血化瘀、调经止痛以及促进心脑血管健康。其主要药理作用包括抗氧化、抗炎、改善微循环、保护心脏和神经系统的功能等，常用于治疗冠状动脉疾病、闭塞性脑血管病及其他血流受限的病症。'
,,train-05106-769031fa7264,train,5106,rewriting_editing,short_output,请编辑以下句子，使其更符合中医术语和表达习惯：'遗精是男性的一种常见问题，通常是由于心理压力或身体疾病引起的。',遗精乃男科常见之疾，多由心火亢盛、肾气不固或外感邪气所致。
,,train-05116-32da64d50631,train,5116,knowledge_qa,heading_only_output|heading_only_task_mismatch|serious_condition|serious_condition_without_safety_language|short_output|unverified_research_claim,探讨中医对前列腺癌的影响与治疗策略,基于中西医结合视角下的前列腺癌诊疗方案研究
,,train-05118-a1739cc0f23d,train,5118,knowledge_qa,document_style_output|document_style_task_mismatch|malformed_instruction|short_output|unverified_research_claim,研究表明，长期的压力和缺乏锻炼可能导致免疫系统下降，并进一步影响人的工作和生活质量。因此，在本研究中，我们将探索中药对人体免疫系统的影响和其对缓解慢性疲劳综合征的潜在益处。,本研究揭示了中药在提升免疫力及改善慢性疲劳患者体征上的可能效果。
,,train-05121-8dc8ed3d1bdb,train,5121,knowledge_qa,potentially_toxic_herb|toxic_herb_without_safety_language,白附子和附子有什么区别？,白附子与附子虽然名称相似，但它们属于不同的药材。白附子为天南星科植物白附子的干燥块茎，具有燥湿化痰、祛风止痉、解毒散结的功效；而附子则为毛茛科植物乌头的子根，有温中散寒、回阳救逆、止痛的功效。在使用时应注意区分，以免混淆。
,,train-05142-48aa2dc864cb,train,5142,extraction_classification,very_short_output,请将以下症状归类到相应的中医证候：腰膝酸软，畏寒怕冷，夜尿频多，舌淡苔白，脉沉细。,这些症状可以归类为肾阳虚证。
,,train-05157-d53f0a991d53,train,5157,extraction_classification,potentially_toxic_herb|toxic_herb_without_safety_language,请将以下中药按照药性分类：人参、干姜、麦冬、石膏、附子。,人参属于补益药，性味甘温；干姜属于温里药，性味辛热；麦冬属于滋阴药，性味甘寒；石膏属于清热药，性味甘辛寒；附子属于温里药，性味辛热。
,,train-05190-dcbc9c6a9bfc,train,5190,extraction_classification,short_output,将以下中医证候按照病位分类：肝火犯头证、瘀热水结证、热扰心神证。,肝火犯头证属于头部病位，瘀热水结证属于腹部病位，热扰心神证属于心脏病位。
,,train-05191-9220921e3c86,train,5191,knowledge_qa,medical_advice|medical_advice_without_safety_language,请推荐一种治疗'邪入血分证'的中药方剂。,治疗'邪入血分证'，可以考虑使用'血府逐瘀汤'。血府逐瘀汤具有活血化瘀，清热解毒的功效，适用于治疗因邪气侵入血分而引起的各种症状。
,,train-05222-8a4ef5827399,train,5222,knowledge_qa,heading_only_output|heading_only_task_mismatch|short_output|unverified_research_claim,研究针灸在抑郁症治疗中的应用效果,针灸辅助疗法对抑郁症患者心理健康的临床评估与改善研究
,,train-05225-37fcf0a197f7,train,5225,title_generation,heading_only_output|latin_text_fragment|short_output,请根据以下内容生成一个中医文献标题：'山茱萸、橘红、气虚肝热证、Hemorrhage Postpartum、水火烫伤'。,山茱萸与橘红在治疗气虚肝热证、产后出血及水火烫伤中的应用研究
,,train-05246-0e095cae123d,train,5246,knowledge_qa,dosage_question|medical_advice,大黄在中医里可用于哪些病症？其使用剂量和注意事项有哪些？,大黄适用于消积导滞、清热泻火，主要用于大便燥结、湿热黄疸、瘀血内停等病症。通常成人每次服用的剂量范围约为5-10g，在临床上须依据具体病情调整，谨慎使用，以防其强烈的泻下作用可能导致失水和电解质紊乱。同时应注意，孕妇、哺乳期妇女及有消化道疾病者应避免使用或在医生指导下使用。
,,train-05255-1615f5cf109c,train,5255,knowledge_qa,heading_only_output|heading_only_task_mismatch|short_output|unverified_research_claim,基于大数据分析的中医药治疗失眠的疗效与安全性研究,大数据背景下中医药治疗失眠的疗效评估与安全性分析
,,train-05273-6791ac74035d,train,5273,knowledge_qa,heading_only_output|heading_only_task_mismatch|short_output|unverified_research_claim,视神经胶质瘤的中医疗法研究进展,基于传统中医药视角下的视神经胶质瘤：治疗策略与现代科学研究
,,train-05281-ff09b74f18f2,train,5281,extraction_classification,short_output,根据中医理论，请抽取与'心火亢盛'相关的症状。,心火亢盛常见的症状包括失眠、多梦、心悸、烦躁、口舌生疮、小便短赤等。
,,train-05291-9bcc70ec1abb,train,5291,extraction_classification,,请将以下中药按照功效分类：当归、黄芪、川芎、甘草。,当归具有补血调经、活血止痛的功效；黄芪具有补气固表、利水消肿的功效；川芎具有活血行气、祛风止痛的功效；甘草具有调和药性、缓急止痛的功效。因此，当归、川芎属于活血化瘀类药物；黄芪属于补气类药物；甘草属于调和药性类药物。
,,train-05294-3f868afa58d1,train,5294,rewriting_editing,medical_advice|medical_advice_without_safety_language|short_output,请编辑以下句子，使其更符合中医术语的使用规范：'我最近身体很热，总是想喝冷饮。',我近日体内阳气偏盛，常感燥热，故而偏好饮用清凉饮料。
,,train-05302-e81b32cec7a1,train,5302,extraction_classification,potentially_toxic_herb|short_output|toxic_herb_without_safety_language,请将以下中药按药性分类：朱砂、人中白、高良姜。,朱砂属于寒性药物，人中白属于平性药物，高良姜属于温性药物。
,,train-05303-3310afdd9f46,train,5303,knowledge_qa,medical_advice|medical_advice_without_safety_language|personal_medical_advice|personal_medical_advice_without_safety_language|serious_condition|serious_condition_without_safety_language,患有中风瘫痪的病人，右侧身体无法动弹，言语不清，舌质紫暗，苔白厚腻，脉弦滑。请推荐一种中药方剂。,针对中风瘫痪的患者，根据症状描述，可以考虑使用活血化瘀、通络开窍的方剂。中风瘫痪在中医理论中多与气血运行不畅有关，因此推荐使用补阳还五汤，该方剂具有补气活血、通络化瘀的作用。但具体使用时应根据患者的实际情况调整，建议在专业中医师的指导下使用。
,,train-05322-9494d2df14fb,train,5322,title_generation,short_output|title_only_output,请为关于温病理论在夏季热病治疗中的应用的文献生成一个标题。,《夏季热病的中医治疗探讨——以温病理论为指导》
,,train-05346-34a27c502535,train,5346,knowledge_qa,medical_advice|medical_advice_without_safety_language|personal_medical_advice|personal_medical_advice_without_safety_language,我最近总是感到身热恶寒，有什么中药方剂可以推荐吗？,根据您描述的身热恶寒的症状，可能是外感风热的初期表现。建议使用具有清热解毒、疏风散寒作用的方剂，如银翘散。此方剂适用于发热、微恶风寒、头痛、口渴等症状，但具体使用时应根据个人体质和病情调整。
,,train-05350-963a44325023,train,5350,long_form_generation,,请撰写一篇关于中药在治疗胃阴不足证方面的作用的文献综述。,胃阴不足证是中医学中常见的病证之一，主要表现为胃部不适、口干舌燥、大便干燥等症状。中药在治疗胃阴不足证方面具有显著疗效，其中常用的中药有沙参、麦冬、石斛等。这些中药具有滋阴养胃、生津止渴的作用，能够有效缓解胃阴不足证的症状。
,,train-05367-445ac70c9651,train,5367,knowledge_qa,,中医的“阴”和“阳”与西医的不同在哪里？,在中医学理论中，“阴”和“阳”被用以描述宇宙、自然现象以及人体生命活动的本质及运动状态，属于相对概念。其中，“阴”通常代表内在、静止、寒冷、晦暗的性质，而“阳”则象征外部、变动、热能、明亮的特点。与西医专注于物质、能量、机械力等的物理特性不同，中医强调的是以整体性、动态平衡来理解生命和健康，着重于个体内环境的和谐与外界环境相适应的状态。
,,train-05376-2337d4cab33c,train,5376,title_generation,potentially_toxic_herb|title_only_output|toxic_herb_without_safety_language|very_short_output,请根据以下内容生成一个中医文献标题：白附子的临床应用。,《白附子临床应用研究进展》
,,train-05377-26f5316e4ef0,train,5377,knowledge_qa,short_output,中医认为，经久不愈的病症多与哪些因素有关？,中医认为，经久不愈的病症多与体质虚弱、外邪侵袭、情志不畅、饮食不节等因素有关。
,,train-05392-b00f9b0ef571,train,5392,title_generation,heading_only_output|unverified_research_claim|very_short_output,请为以下论文生成一个合适的标题：本研究探讨了中医治疗失眠的临床疗效。,“中医治疗失眠的临床疗效探讨”
,,train-05438-ebbe810ae590,train,5438,knowledge_qa,heading_only_output|heading_only_task_mismatch|short_output|unverified_research_claim,探讨五倍子在慢性支气管炎中的应用研究与作用机理,“五倍子在慢性支气管炎治疗中的药效机制及临床应用研究”
,,train-05439-f9dcb4f43f8f,train,5439,title_generation,short_output|title_only_output|unverified_research_claim,请根据以下内容生成一个中医文献标题：探讨中药香加皮在治疗风湿痹证中的作用机制。,《中药香加皮治疗风湿痹证的药效机制探讨》
,,train-05458-2b98b242b449,train,5458,knowledge_qa,medical_advice|medical_advice_without_safety_language|vulnerable_population|vulnerable_population_without_safety_language,患有吸收不良综合征的儿童适用哪些药方？,针对吸收不良综合征，儿童通常可以通过一些健脾养胃、助消化、调理营养摄入的中药方来缓解症状。比如可用太子参、白术、山药等药物搭配，形成如健脾利湿、理气止泻等功效的中药汤剂或者成药。具体的治疗方案应结合孩子的年龄、身体状况、病因以及病情的严重程度综合考虑并由专业中医师定制。
,,train-05489-ce86da6b83ab,train,5489,knowledge_qa,title_only_output|title_only_task_mismatch|very_short_output,如何治疗湿热郁蒸证？,《湿热郁蒸证的中医治疗方法》
,,train-05490-c8811406d877,train,5490,knowledge_qa,medical_advice|personal_medical_advice,我最近总是感到眼睛干涩，有时候还会流泪，中医有什么好的治疗方法吗？,眼睛干涩伴流泪在中医看来可能是由于肝血不足或肝肾阴虚引起的。可以尝试使用中药进行调理，如杞菊地黄丸，该方剂具有滋肾养肝、明目的作用。同时，建议保持良好的生活习惯，减少眼睛疲劳，适当进行眼部按摩以促进血液循环。如果症状持续或加重，请及时就医。
,,train-05504-ca454c83b01c,train,5504,knowledge_qa,potentially_toxic_herb|toxic_herb_without_safety_language,川乌具有哪些功效，适用于哪些症状的治疗？,川乌是中药材中的一种，具有祛风除湿、散寒止痛的功效。它通常用于治疗风寒湿痹、关节疼痛、跌打损伤等症状。在使用川乌时，需要注意其用量和炮制方法，因为川乌含有毒性成分，必须在专业中医师的指导下使用。
,,train-05525-883ec45112ae,train,5525,rewriting_editing,very_short_output,请将以下句子修改为更加书面化的语言：'这个药味道苦，但是很有效。',此药虽味苦，然而疗效显著。
,,train-05534-3e690850928f,train,5534,title_generation,dosage_question|dosage_without_safety_language|short_output|title_only_output,请根据以下内容生成一个中医文献标题：藜芦、证候、用量。,《藜芦在中医治疗中的应用及其对证候的影响——论藜芦的用量与疗效关系》
,,train-05535-3a339119cc50,train,5535,extraction_classification,very_short_output,请将以下症状归类到对应的中医证候：头晕、目眩、腰膝酸软、耳鸣。,这些症状可以归类为肝肾亏虚证。
,,train-05537-d5d281e38464,train,5537,knowledge_qa,medical_advice|medical_advice_without_safety_language,请推荐一种适合冬季进补的中药方剂。,冬季进补，可以选择四物汤。四物汤由当归、川芎、白芍、熟地四味中药组成，具有补血调经、养颜美容的功效，适合女性冬季进补。男性可以选择六味地黄丸，其具有滋阴补肾的功效，适合男性冬季进补。
,,train-05545-d98471d1ca67,train,5545,knowledge_qa,heading_only_output|heading_only_task_mismatch|short_output|unverified_research_claim,探讨中药在现代慢性疲劳综合征治疗中的作用与策略,传统医学视角下的新机遇：中草药在慢性疲劳综合征中的应用及创新策略研究
,,train-05556-38a126daea2a,train,5556,knowledge_qa,short_output|title_only_output|title_only_task_mismatch|unverified_research_claim,关于伸筋草的现代药理研究进展,《伸筋草的现代药理研究及其在骨骼肌肉系统疾病中的应用前景》
,,train-05562-144079b851b0,train,5562,knowledge_qa,medical_advice|medical_advice_without_safety_language|personal_medical_advice|personal_medical_advice_without_safety_language,我想了解一下，对于邪热伏络证，中医有什么好的方剂推荐吗？,邪热伏络证是中医学中的一种病证，通常表现为发热、头痛、身痛等症状。对于这种证候，中医有一些经典的方剂可以推荐，如银翘散、桑菊饮等。这些方剂具有清热解毒、解表散寒的功效，可以根据患者的具体症状和体质进行加减。建议在使用这些方剂时，务必在专业中医师的指导下进行，以确保安全有效。
,,train-05604-29e13a9527d9,train,5604,extraction_classification,short_output,请抽取虚风内动证的主要症状。,虚风内动证的主要症状包括面色苍白、四肢无力、头晕眼花、心悸怔忡、失眠多梦等。
,,train-05615-691556448459,train,5615,knowledge_qa,medical_advice|medical_advice_without_safety_language|personal_medical_advice|personal_medical_advice_without_safety_language,我经常感到手脚冰凉，中医有什么好的治疗方法吗？,手脚冰凉在中医里可能是阳虚或气血不足的表现。治疗上可以考虑温阳散寒、补气养血的方剂，如当归四逆汤、十全大补汤等。同时，建议调整生活习惯，如适量运动、保持温暖、饮食均衡等，以辅助改善症状。
